ply
format ascii 1.0
comment Created by Open3D
element vertex 2334
property double x
property double y
property double z
property double nx
property double ny
property double nz
property uchar red
property uchar green
property uchar blue
element face 4656
property list uchar uint vertex_indices
end_header
-93.0381 -21.3853 -78.4159 -4.51433e-19 2.11609e-19 1 255 0 0
-93.0381 -21.3853 -81.4159 0 3.95004e-18 -1 255 0 0
-92.8424 -21.3853 -78.4288 0.152026 -0.00424597 0.988367 255 0 0
-92.844 -21.3598 -78.4288 0.15128 0.0156337 0.988367 255 0 0
-92.849 -21.3347 -78.4288 0.147945 0.0352459 0.988367 255 0 0
-92.8573 -21.3104 -78.4288 0.142079 0.0542551 0.988367 255 0 0
-92.8686 -21.2874 -78.4288 0.133781 0.0723359 0.988367 255 0 0
-92.8828 -21.2661 -78.4288 0.123195 0.089179 0.988367 255 0 0
-92.8997 -21.2469 -78.4288 0.110501 0.104496 0.988367 255 0 0
-92.919 -21.23 -78.4288 0.0959161 0.118026 0.988367 255 0 0
-92.9403 -21.2158 -78.4288 0.0796901 0.129535 0.988367 255 0 0
-92.9632 -21.2044 -78.4288 0.0621006 0.138829 0.988367 255 0 0
-92.9875 -21.1962 -78.4288 0.0434485 0.145747 0.988367 255 0 0
-93.0126 -21.1912 -78.4288 0.024053 0.150171 0.988367 255 0 0
-93.0381 -21.1895 -78.4288 0.00424597 0.152026 0.988367 255 0 0
-93.0637 -21.1912 -78.4288 -0.0156337 0.15128 0.988367 255 0 0
-93.0888 -21.1962 -78.4288 -0.0352459 0.147945 0.988367 255 0 0
-93.1131 -21.2044 -78.4288 -0.0542551 0.142079 0.988367 255 0 0
-93.136 -21.2158 -78.4288 -0.0723359 0.133781 0.988367 255 0 0
-93.1573 -21.23 -78.4288 -0.089179 0.123195 0.988367 255 0 0
-93.1766 -21.2469 -78.4288 -0.104496 0.110501 0.988367 255 0 0
-93.1935 -21.2661 -78.4288 -0.118026 0.0959161 0.988367 255 0 0
-93.2077 -21.2874 -78.4288 -0.129535 0.0796901 0.988367 255 0 0
-93.219 -21.3104 -78.4288 -0.138829 0.0621006 0.988367 255 0 0
-93.2273 -21.3347 -78.4288 -0.145747 0.0434485 0.988367 255 0 0
-93.2323 -21.3598 -78.4288 -0.150171 0.024053 0.988367 255 0 0
-93.2339 -21.3853 -78.4288 -0.152026 0.00424597 0.988367 255 0 0
-93.2323 -21.4109 -78.4288 -0.15128 -0.0156337 0.988367 255 0 0
-93.2273 -21.436 -78.4288 -0.147945 -0.0352459 0.988367 255 0 0
-93.219 -21.4603 -78.4288 -0.142079 -0.0542551 0.988367 255 0 0
-93.2077 -21.4832 -78.4288 -0.133781 -0.0723359 0.988367 255 0 0
-93.1935 -21.5045 -78.4288 -0.123195 -0.089179 0.988367 255 0 0
-93.1766 -21.5238 -78.4288 -0.110501 -0.104496 0.988367 255 0 0
-93.1573 -21.5407 -78.4288 -0.0959161 -0.118026 0.988367 255 0 0
-93.136 -21.5549 -78.4288 -0.0796901 -0.129535 0.988367 255 0 0
-93.1131 -21.5662 -78.4288 -0.0621006 -0.138829 0.988367 255 0 0
-93.0888 -21.5744 -78.4288 -0.0434485 -0.145747 0.988367 255 0 0
-93.0637 -21.5794 -78.4288 -0.024053 -0.150171 0.988367 255 0 0
-93.0381 -21.5811 -78.4288 -0.00424597 -0.152026 0.988367 255 0 0
-93.0126 -21.5794 -78.4288 0.0156337 -0.15128 0.988367 255 0 0
-92.9875 -21.5744 -78.4288 0.0352459 -0.147945 0.988367 255 0 0
-92.9632 -21.5662 -78.4288 0.0542551 -0.142079 0.988367 255 0 0
-92.9403 -21.5549 -78.4288 0.0723359 -0.133781 0.988367 255 0 0
-92.919 -21.5407 -78.4288 0.089179 -0.123195 0.988367 255 0 0
-92.8997 -21.5238 -78.4288 0.104496 -0.110501 0.988367 255 0 0
-92.8828 -21.5045 -78.4288 0.118026 -0.0959161 0.988367 255 0 0
-92.8686 -21.4832 -78.4288 0.129535 -0.0796901 0.988367 255 0 0
-92.8573 -21.4603 -78.4288 0.138829 -0.0621006 0.988367 255 0 0
-92.849 -21.436 -78.4288 0.145747 -0.0434485 0.988367 255 0 0
-92.844 -21.4109 -78.4288 0.150171 -0.024053 0.988367 255 0 0
-92.6499 -21.3853 -78.467 0.269111 -0.00413743 0.9631 255 0 0
-92.6532 -21.3347 -78.467 0.267349 0.031024 0.9631 255 0 0
-92.6631 -21.2848 -78.467 0.261012 0.0656546 0.9631 255 0 0
-92.6795 -21.2368 -78.467 0.250209 0.0991618 0.9631 255 0 0
-92.7019 -21.1912 -78.467 0.235126 0.130972 0.9631 255 0 0
-92.7301 -21.149 -78.467 0.216019 0.160542 0.9631 255 0 0
-92.7636 -21.1108 -78.467 0.193216 0.187365 0.9631 255 0 0
-92.8018 -21.0773 -78.467 0.167107 0.210981 0.9631 255 0 0
-92.844 -21.0491 -78.467 0.138139 0.230988 0.9631 255 0 0
-92.8896 -21.0267 -78.467 0.106807 0.247043 0.9631 255 0 0
-92.9377 -21.0103 -78.467 0.0736475 0.25887 0.9631 255 0 0
-92.9875 -21.0004 -78.467 0.0392281 0.266269 0.9631 255 0 0
-93.0381 -20.9971 -78.467 0.00413743 0.269111 0.9631 255 0 0
-93.0888 -21.0004 -78.467 -0.031024 0.267349 0.9631 255 0 0
-93.1386 -21.0103 -78.467 -0.0656546 0.261012 0.9631 255 0 0
-93.1867 -21.0267 -78.467 -0.0991618 0.250209 0.9631 255 0 0
-93.2323 -21.0491 -78.467 -0.130972 0.235126 0.9631 255 0 0
-93.2745 -21.0773 -78.467 -0.160542 0.216019 0.9631 255 0 0
-93.3127 -21.1108 -78.467 -0.187365 0.193216 0.9631 255 0 0
-93.3461 -21.149 -78.467 -0.210981 0.167107 0.9631 255 0 0
-93.3744 -21.1912 -78.467 -0.230988 0.138139 0.9631 255 0 0
-93.3968 -21.2368 -78.467 -0.247043 0.106807 0.9631 255 0 0
-93.4131 -21.2848 -78.467 -0.25887 0.0736475 0.9631 255 0 0
-93.4231 -21.3347 -78.467 -0.266269 0.0392281 0.9631 255 0 0
-93.4264 -21.3853 -78.467 -0.269111 0.00413743 0.9631 255 0 0
-93.4231 -21.436 -78.467 -0.267349 -0.031024 0.9631 255 0 0
-93.4131 -21.4858 -78.467 -0.261012 -0.0656546 0.9631 255 0 0
-93.3968 -21.5339 -78.467 -0.250209 -0.0991618 0.9631 255 0 0
-93.3744 -21.5794 -78.467 -0.235126 -0.130972 0.9631 255 0 0
-93.3461 -21.6217 -78.467 -0.216019 -0.160542 0.9631 255 0 0
-93.3127 -21.6598 -78.467 -0.193216 -0.187365 0.9631 255 0 0
-93.2745 -21.6933 -78.467 -0.167107 -0.210981 0.9631 255 0 0
-93.2323 -21.7215 -78.467 -0.138139 -0.230988 0.9631 255 0 0
-93.1867 -21.744 -78.467 -0.106807 -0.247043 0.9631 255 0 0
-93.1386 -21.7603 -78.467 -0.0736475 -0.25887 0.9631 255 0 0
-93.0888 -21.7702 -78.467 -0.0392281 -0.266269 0.9631 255 0 0
-93.0381 -21.7736 -78.467 -0.00413743 -0.269111 0.9631 255 0 0
-92.9875 -21.7702 -78.467 0.031024 -0.267349 0.9631 255 0 0
-92.9377 -21.7603 -78.467 0.0656546 -0.261012 0.9631 255 0 0
-92.8896 -21.744 -78.467 0.0991618 -0.250209 0.9631 255 0 0
-92.844 -21.7215 -78.467 0.130972 -0.235126 0.9631 255 0 0
-92.8018 -21.6933 -78.467 0.160542 -0.216019 0.9631 255 0 0
-92.7636 -21.6598 -78.467 0.187365 -0.193216 0.9631 255 0 0
-92.7301 -21.6217 -78.467 0.210981 -0.167107 0.9631 255 0 0
-92.7019 -21.5794 -78.467 0.230988 -0.138139 0.9631 255 0 0
-92.6795 -21.5339 -78.467 0.247043 -0.106807 0.9631 255 0 0
-92.6631 -21.4858 -78.467 0.25887 -0.0736475 0.9631 255 0 0
-92.6532 -21.436 -78.467 0.266269 -0.0392281 0.9631 255 0 0
-92.4641 -21.3853 -78.5301 0.38905 -0.00395746 0.921208 255 0 0
-92.469 -21.3104 -78.5301 0.386238 0.0468576 0.921208 255 0 0
-92.4837 -21.2368 -78.5301 0.376818 0.0968709 0.921208 255 0 0
-92.5078 -21.1657 -78.5301 0.36095 0.145227 0.921208 255 0 0
-92.541 -21.0983 -78.5301 0.338906 0.191098 0.921208 255 0 0
-92.5827 -21.0359 -78.5301 0.311063 0.233699 0.921208 255 0 0
-92.6322 -20.9794 -78.5301 0.277898 0.272301 0.921208 255 0 0
-92.6887 -20.9299 -78.5301 0.239978 0.306245 0.921208 255 0 0
-92.7511 -20.8882 -78.5301 0.197952 0.334948 0.921208 255 0 0
-92.8185 -20.855 -78.5301 0.152539 0.357921 0.921208 255 0 0
-92.8896 -20.8309 -78.5301 0.104516 0.374769 0.921208 255 0 0
-92.9632 -20.8162 -78.5301 0.0547048 0.385205 0.921208 255 0 0
-93.0381 -20.8113 -78.5301 0.00395746 0.38905 0.921208 255 0 0
-93.1131 -20.8162 -78.5301 -0.0468576 0.386238 0.921208 255 0 0
-93.1867 -20.8309 -78.5301 -0.0968709 0.376818 0.921208 255 0 0
-93.2578 -20.855 -78.5301 -0.145227 0.36095 0.921208 255 0 0
-93.3252 -20.8882 -78.5301 -0.191098 0.338906 0.921208 255 0 0
-93.3876 -20.9299 -78.5301 -0.233699 0.311063 0.921208 255 0 0
-93.444 -20.9794 -78.5301 -0.272301 0.277898 0.921208 255 0 0
-93.4936 -21.0359 -78.5301 -0.306245 0.239978 0.921208 255 0 0
-93.5353 -21.0983 -78.5301 -0.334948 0.197952 0.921208 255 0 0
-93.5685 -21.1657 -78.5301 -0.357921 0.152539 0.921208 255 0 0
-93.5926 -21.2368 -78.5301 -0.374769 0.104516 0.921208 255 0 0
-93.6073 -21.3104 -78.5301 -0.385205 0.0547048 0.921208 255 0 0
-93.6122 -21.3853 -78.5301 -0.38905 0.00395746 0.921208 255 0 0
-93.6073 -21.4603 -78.5301 -0.386238 -0.0468576 0.921208 255 0 0
-93.5926 -21.5339 -78.5301 -0.376818 -0.0968709 0.921208 255 0 0
-93.5685 -21.605 -78.5301 -0.36095 -0.145227 0.921208 255 0 0
-93.5353 -21.6723 -78.5301 -0.338906 -0.191098 0.921208 255 0 0
-93.4936 -21.7348 -78.5301 -0.311063 -0.233699 0.921208 255 0 0
-93.444 -21.7912 -78.5301 -0.277898 -0.272301 0.921208 255 0 0
-93.3876 -21.8407 -78.5301 -0.239978 -0.306245 0.921208 255 0 0
-93.3252 -21.8824 -78.5301 -0.197952 -0.334948 0.921208 255 0 0
-93.2578 -21.9157 -78.5301 -0.152539 -0.357921 0.921208 255 0 0
-93.1867 -21.9398 -78.5301 -0.104516 -0.374769 0.921208 255 0 0
-93.1131 -21.9544 -78.5301 -0.0547048 -0.385205 0.921208 255 0 0
-93.0381 -21.9594 -78.5301 -0.00395746 -0.38905 0.921208 255 0 0
-92.9632 -21.9544 -78.5301 0.0468576 -0.386238 0.921208 255 0 0
-92.8896 -21.9398 -78.5301 0.0968709 -0.376818 0.921208 255 0 0
-92.8185 -21.9157 -78.5301 0.145227 -0.36095 0.921208 255 0 0
-92.7511 -21.8824 -78.5301 0.191098 -0.338906 0.921208 255 0 0
-92.6887 -21.8407 -78.5301 0.233699 -0.311063 0.921208 255 0 0
-92.6322 -21.7912 -78.5301 0.272301 -0.277898 0.921208 255 0 0
-92.5827 -21.7348 -78.5301 0.306245 -0.239978 0.921208 255 0 0
-92.541 -21.6723 -78.5301 0.334948 -0.197952 0.921208 255 0 0
-92.5078 -21.605 -78.5301 0.357921 -0.152539 0.921208 255 0 0
-92.4837 -21.5339 -78.5301 0.374769 -0.104516 0.921208 255 0 0
-92.469 -21.4603 -78.5301 0.385205 -0.0547048 0.921208 255 0 0
-92.2881 -21.3853 -78.6169 0.50428 -0.00370969 0.863532 255 0 0
-92.2946 -21.2874 -78.6169 0.50045 0.0621438 0.863532 255 0 0
-92.3137 -21.1912 -78.6169 0.488057 0.126934 0.863532 255 0 0
-92.3452 -21.0983 -78.6169 0.467314 0.189552 0.863532 255 0 0
-92.3886 -21.0103 -78.6169 0.438574 0.248927 0.863532 255 0 0
-92.4431 -20.9288 -78.6169 0.402331 0.304043 0.863532 255 0 0
-92.5078 -20.855 -78.6169 0.359203 0.353957 0.863532 255 0 0
-92.5816 -20.7903 -78.6169 0.309929 0.397814 0.863532 255 0 0
-92.6631 -20.7358 -78.6169 0.255353 0.434865 0.863532 255 0 0
-92.7511 -20.6924 -78.6169 0.196407 0.464474 0.863532 255 0 0
-92.844 -20.6609 -78.6169 0.134101 0.486137 0.863532 255 0 0
-92.9403 -20.6417 -78.6169 0.0694997 0.499482 0.863532 255 0 0
-93.0381 -20.6353 -78.6169 0.00370969 0.50428 0.863532 255 0 0
-93.136 -20.6417 -78.6169 -0.0621438 0.50045 0.863532 255 0 0
-93.2323 -20.6609 -78.6169 -0.126934 0.488057 0.863532 255 0 0
-93.3252 -20.6924 -78.6169 -0.189552 0.467314 0.863532 255 0 0
-93.4131 -20.7358 -78.6169 -0.248927 0.438574 0.863532 255 0 0
-93.4947 -20.7903 -78.6169 -0.304043 0.402331 0.863532 255 0 0
-93.5685 -20.855 -78.6169 -0.353957 0.359203 0.863532 255 0 0
-93.6332 -20.9288 -78.6169 -0.397814 0.309929 0.863532 255 0 0
-93.6877 -21.0103 -78.6169 -0.434865 0.255353 0.863532 255 0 0
-93.7311 -21.0983 -78.6169 -0.464474 0.196407 0.863532 255 0 0
-93.7626 -21.1912 -78.6169 -0.486137 0.134101 0.863532 255 0 0
-93.7817 -21.2874 -78.6169 -0.499482 0.0694997 0.863532 255 0 0
-93.7881 -21.3853 -78.6169 -0.50428 0.00370969 0.863532 255 0 0
-93.7817 -21.4832 -78.6169 -0.50045 -0.0621438 0.863532 255 0 0
-93.7626 -21.5794 -78.6169 -0.488057 -0.126934 0.863532 255 0 0
-93.7311 -21.6723 -78.6169 -0.467314 -0.189552 0.863532 255 0 0
-93.6877 -21.7603 -78.6169 -0.438574 -0.248927 0.863532 255 0 0
-93.6332 -21.8419 -78.6169 -0.402331 -0.304043 0.863532 255 0 0
-93.5685 -21.9157 -78.6169 -0.359203 -0.353957 0.863532 255 0 0
-93.4947 -21.9803 -78.6169 -0.309929 -0.397814 0.863532 255 0 0
-93.4131 -22.0348 -78.6169 -0.255353 -0.434865 0.863532 255 0 0
-93.3252 -22.0782 -78.6169 -0.196407 -0.464474 0.863532 255 0 0
-93.2323 -22.1098 -78.6169 -0.134101 -0.486137 0.863532 255 0 0
-93.136 -22.1289 -78.6169 -0.0694997 -0.499482 0.863532 255 0 0
-93.0381 -22.1353 -78.6169 -0.00370969 -0.50428 0.863532 255 0 0
-92.9403 -22.1289 -78.6169 0.0621438 -0.50045 0.863532 255 0 0
-92.844 -22.1098 -78.6169 0.126934 -0.488057 0.863532 255 0 0
-92.7511 -22.0782 -78.6169 0.189552 -0.467314 0.863532 255 0 0
-92.6631 -22.0348 -78.6169 0.248927 -0.438574 0.863532 255 0 0
-92.5816 -21.9803 -78.6169 0.304043 -0.402331 0.863532 255 0 0
-92.5078 -21.9157 -78.6169 0.353957 -0.359203 0.863532 255 0 0
-92.4431 -21.8419 -78.6169 0.397814 -0.309929 0.863532 255 0 0
-92.3886 -21.7603 -78.6169 0.434865 -0.255353 0.863532 255 0 0
-92.3452 -21.6723 -78.6169 0.464474 -0.196407 0.863532 255 0 0
-92.3137 -21.5794 -78.6169 0.486137 -0.134101 0.863532 255 0 0
-92.2946 -21.4832 -78.6169 0.499482 -0.0694997 0.863532 255 0 0
-92.125 -21.3853 -78.7259 0.611711 -0.00339841 0.791074 255 0 0
-92.1328 -21.2661 -78.7259 0.606921 0.0764749 0.791074 255 0 0
-92.1561 -21.149 -78.7259 0.591747 0.15504 0.791074 255 0 0
-92.1945 -21.0359 -78.7259 0.566447 0.230952 0.791074 255 0 0
-92.2473 -20.9288 -78.7259 0.531456 0.302912 0.791074 255 0 0
-92.3137 -20.8294 -78.7259 0.487371 0.36969 0.791074 255 0 0
-92.3925 -20.7396 -78.7259 0.434948 0.430142 0.791074 255 0 0
-92.4823 -20.6609 -78.7259 0.375082 0.483234 0.791074 255 0 0
-92.5816 -20.5945 -78.7259 0.308798 0.528058 0.791074 255 0 0
-92.6887 -20.5417 -78.7259 0.237231 0.563846 0.791074 255 0 0
-92.8018 -20.5033 -78.7259 0.161605 0.589987 0.791074 255 0 0
-92.919 -20.48 -78.7259 0.0832136 0.606034 0.791074 255 0 0
-93.0381 -20.4722 -78.7259 0.00339841 0.611711 0.791074 255 0 0
-93.1573 -20.48 -78.7259 -0.0764749 0.606921 0.791074 255 0 0
-93.2745 -20.5033 -78.7259 -0.15504 0.591747 0.791074 255 0 0
-93.3876 -20.5417 -78.7259 -0.230952 0.566447 0.791074 255 0 0
-93.4947 -20.5945 -78.7259 -0.302912 0.531456 0.791074 255 0 0
-93.594 -20.6609 -78.7259 -0.36969 0.487371 0.791074 255 0 0
-93.6838 -20.7396 -78.7259 -0.430142 0.434948 0.791074 255 0 0
-93.7626 -20.8294 -78.7259 -0.483234 0.375082 0.791074 255 0 0
-93.8289 -20.9288 -78.7259 -0.528058 0.308798 0.791074 255 0 0
-93.8818 -21.0359 -78.7259 -0.563846 0.237231 0.791074 255 0 0
-93.9202 -21.149 -78.7259 -0.589987 0.161605 0.791074 255 0 0
-93.9435 -21.2661 -78.7259 -0.606034 0.0832136 0.791074 255 0 0
-93.9513 -21.3853 -78.7259 -0.611711 0.00339841 0.791074 255 0 0
-93.9435 -21.5045 -78.7259 -0.606921 -0.0764749 0.791074 255 0 0
-93.9202 -21.6217 -78.7259 -0.591747 -0.15504 0.791074 255 0 0
-93.8818 -21.7348 -78.7259 -0.566447 -0.230952 0.791074 255 0 0
-93.8289 -21.8419 -78.7259 -0.531456 -0.302912 0.791074 255 0 0
-93.7626 -21.9412 -78.7259 -0.487371 -0.36969 0.791074 255 0 0
-93.6838 -22.031 -78.7259 -0.434948 -0.430142 0.791074 255 0 0
-93.594 -22.1098 -78.7259 -0.375082 -0.483234 0.791074 255 0 0
-93.4947 -22.1761 -78.7259 -0.308798 -0.528058 0.791074 255 0 0
-93.3876 -22.229 -78.7259 -0.237231 -0.563846 0.791074 255 0 0
-93.2745 -22.2674 -78.7259 -0.161605 -0.589987 0.791074 255 0 0
-93.1573 -22.2907 -78.7259 -0.0832136 -0.606034 0.791074 255 0 0
-93.0381 -22.2985 -78.7259 -0.00339841 -0.611711 0.791074 255 0 0
-92.919 -22.2907 -78.7259 0.0764749 -0.606921 0.791074 255 0 0
-92.8018 -22.2674 -78.7259 0.15504 -0.591747 0.791074 255 0 0
-92.6887 -22.229 -78.7259 0.230952 -0.566447 0.791074 255 0 0
-92.5816 -22.1761 -78.7259 0.302912 -0.531456 0.791074 255 0 0
-92.4823 -22.1098 -78.7259 0.36969 -0.487371 0.791074 255 0 0
-92.3925 -22.031 -78.7259 0.430142 -0.434948 0.791074 255 0 0
-92.3137 -21.9412 -78.7259 0.483234 -0.375082 0.791074 255 0 0
-92.2473 -21.8419 -78.7259 0.528058 -0.308798 0.791074 255 0 0
-92.1945 -21.7348 -78.7259 0.563846 -0.237231 0.791074 255 0 0
-92.1561 -21.6217 -78.7259 0.589987 -0.161605 0.791074 255 0 0
-92.1328 -21.5045 -78.7259 0.606034 -0.0832136 0.791074 255 0 0
-91.9775 -21.3853 -78.8553 0.709123 -0.00302898 0.705078 255 0 0
-91.9866 -21.2469 -78.8553 0.703452 0.089556 0.705078 255 0 0
-92.0136 -21.1108 -78.8553 0.685744 0.180609 0.705078 255 0 0
-92.0582 -20.9794 -78.8553 0.656303 0.268571 0.705078 255 0 0
-92.1196 -20.855 -78.8553 0.615633 0.351938 0.705078 255 0 0
-92.1967 -20.7396 -78.8553 0.564429 0.429284 0.705078 255 0 0
-92.2881 -20.6353 -78.8553 0.503567 0.499284 0.705078 255 0 0
-92.3925 -20.5438 -78.8553 0.43409 0.560741 0.705078 255 0 0
-92.5078 -20.4668 -78.8553 0.357185 0.612604 0.705078 255 0 0
-92.6322 -20.4054 -78.8553 0.274168 0.653985 0.705078 255 0 0
-92.7636 -20.3608 -78.8553 0.18646 0.684176 0.705078 255 0 0
-92.8997 -20.3337 -78.8553 0.0955622 0.702661 0.705078 255 0 0
-93.0381 -20.3247 -78.8553 0.00302898 0.709123 0.705078 255 0 0
-93.1766 -20.3337 -78.8553 -0.089556 0.703452 0.705078 255 0 0
-93.3127 -20.3608 -78.8553 -0.180609 0.685744 0.705078 255 0 0
-93.444 -20.4054 -78.8553 -0.268571 0.656303 0.705078 255 0 0
-93.5685 -20.4668 -78.8553 -0.351938 0.615633 0.705078 255 0 0
-93.6838 -20.5438 -78.8553 -0.429284 0.564429 0.705078 255 0 0
-93.7881 -20.6353 -78.8553 -0.499284 0.503567 0.705078 255 0 0
-93.8796 -20.7396 -78.8553 -0.560741 0.43409 0.705078 255 0 0
-93.9567 -20.855 -78.8553 -0.612604 0.357185 0.705078 255 0 0
-94.0181 -20.9794 -78.8553 -0.653985 0.274168 0.705078 255 0 0
-94.0627 -21.1108 -78.8553 -0.684176 0.18646 0.705078 255 0 0
-94.0897 -21.2469 -78.8553 -0.702661 0.0955622 0.705078 255 0 0
-94.0988 -21.3853 -78.8553 -0.709123 0.00302898 0.705078 255 0 0
-94.0897 -21.5238 -78.8553 -0.703452 -0.089556 0.705078 255 0 0
-94.0627 -21.6598 -78.8553 -0.685744 -0.180609 0.705078 255 0 0
-94.0181 -21.7912 -78.8553 -0.656303 -0.268571 0.705078 255 0 0
-93.9567 -21.9157 -78.8553 -0.615633 -0.351938 0.705078 255 0 0
-93.8796 -22.031 -78.8553 -0.564429 -0.429284 0.705078 255 0 0
-93.7881 -22.1353 -78.8553 -0.503567 -0.499284 0.705078 255 0 0
-93.6838 -22.2268 -78.8553 -0.43409 -0.560741 0.705078 255 0 0
-93.5685 -22.3039 -78.8553 -0.357185 -0.612604 0.705078 255 0 0
-93.444 -22.3652 -78.8553 -0.274168 -0.653985 0.705078 255 0 0
-93.3127 -22.4098 -78.8553 -0.18646 -0.684176 0.705078 255 0 0
-93.1766 -22.4369 -78.8553 -0.0955622 -0.702661 0.705078 255 0 0
-93.0381 -22.446 -78.8553 -0.00302898 -0.709123 0.705078 255 0 0
-92.8997 -22.4369 -78.8553 0.089556 -0.703452 0.705078 255 0 0
-92.7636 -22.4098 -78.8553 0.180609 -0.685744 0.705078 255 0 0
-92.6322 -22.3652 -78.8553 0.268571 -0.656303 0.705078 255 0 0
-92.5078 -22.3039 -78.8553 0.351938 -0.615633 0.705078 255 0 0
-92.3925 -22.2268 -78.8553 0.429284 -0.564429 0.705078 255 0 0
-92.2881 -22.1353 -78.8553 0.499284 -0.503567 0.705078 255 0 0
-92.1967 -22.031 -78.8553 0.560741 -0.43409 0.705078 255 0 0
-92.1196 -21.9157 -78.8553 0.612604 -0.357185 0.705078 255 0 0
-92.0582 -21.7912 -78.8553 0.653985 -0.274168 0.705078 255 0 0
-92.0136 -21.6598 -78.8553 0.684176 -0.18646 0.705078 255 0 0
-91.9866 -21.5238 -78.8553 0.702661 -0.0955622 0.705078 255 0 0
-91.8481 -21.3853 -79.0028 0.794685 -0.00260771 0.607017 255 0 0
-91.8583 -21.23 -79.0028 0.788226 0.101142 0.607017 255 0 0
-91.8887 -21.0773 -79.0028 0.768281 0.203161 0.607017 255 0 0
-91.9387 -20.9299 -79.0028 0.735191 0.301703 0.607017 255 0 0
-92.0075 -20.7903 -79.0028 0.689521 0.395084 0.607017 255 0 0
-92.094 -20.6609 -79.0028 0.632053 0.481705 0.607017 255 0 0
-92.1967 -20.5438 -79.0028 0.563771 0.560083 0.607017 255 0 0
-92.3137 -20.4412 -79.0028 0.485842 0.628878 0.607017 255 0 0
-92.4431 -20.3547 -79.0028 0.399601 0.686913 0.607017 255 0 0
-92.5827 -20.2859 -79.0028 0.306522 0.733195 0.607017 255 0 0
-92.7301 -20.2358 -79.0028 0.208198 0.766931 0.607017 255 0 0
-92.8828 -20.2055 -79.0028 0.106313 0.787546 0.607017 255 0 0
-93.0381 -20.1953 -79.0028 0.00260771 0.794685 0.607017 255 0 0
-93.1935 -20.2055 -79.0028 -0.101142 0.788226 0.607017 255 0 0
-93.3461 -20.2358 -79.0028 -0.203161 0.768281 0.607017 255 0 0
-93.4936 -20.2859 -79.0028 -0.301703 0.735191 0.607017 255 0 0
-93.6332 -20.3547 -79.0028 -0.395084 0.689521 0.607017 255 0 0
-93.7626 -20.4412 -79.0028 -0.481705 0.632053 0.607017 255 0 0
-93.8796 -20.5438 -79.0028 -0.560083 0.563771 0.607017 255 0 0
-93.9823 -20.6609 -79.0028 -0.628878 0.485842 0.607017 255 0 0
-94.0687 -20.7903 -79.0028 -0.686913 0.399601 0.607017 255 0 0
-94.1376 -20.9299 -79.0028 -0.733195 0.306522 0.607017 255 0 0
-94.1876 -21.0773 -79.0028 -0.766931 0.208198 0.607017 255 0 0
-94.218 -21.23 -79.0028 -0.787546 0.106313 0.607017 255 0 0
-94.2282 -21.3853 -79.0028 -0.794685 0.00260771 0.607017 255 0 0
-94.218 -21.5407 -79.0028 -0.788226 -0.101142 0.607017 255 0 0
-94.1876 -21.6933 -79.0028 -0.768281 -0.203161 0.607017 255 0 0
-94.1376 -21.8407 -79.0028 -0.735191 -0.301703 0.607017 255 0 0
-94.0687 -21.9803 -79.0028 -0.689521 -0.395084 0.607017 255 0 0
-93.9823 -22.1098 -79.0028 -0.632053 -0.481705 0.607017 255 0 0
-93.8796 -22.2268 -79.0028 -0.563771 -0.560083 0.607017 255 0 0
-93.7626 -22.3294 -79.0028 -0.485842 -0.628878 0.607017 255 0 0
-93.6332 -22.4159 -79.0028 -0.399601 -0.686913 0.607017 255 0 0
-93.4936 -22.4848 -79.0028 -0.306522 -0.733195 0.607017 255 0 0
-93.3461 -22.5348 -79.0028 -0.208198 -0.766931 0.607017 255 0 0
-93.1935 -22.5652 -79.0028 -0.106313 -0.787546 0.607017 255 0 0
-93.0381 -22.5754 -79.0028 -0.00260771 -0.794685 0.607017 255 0 0
-92.8828 -22.5652 -79.0028 0.101142 -0.788226 0.607017 255 0 0
-92.7301 -22.5348 -79.0028 0.203161 -0.768281 0.607017 255 0 0
-92.5827 -22.4848 -79.0028 0.301703 -0.735191 0.607017 255 0 0
-92.4431 -22.4159 -79.0028 0.395084 -0.689521 0.607017 255 0 0
-92.3137 -22.3294 -79.0028 0.481705 -0.632053 0.607017 255 0 0
-92.1967 -22.2268 -79.0028 0.560083 -0.563771 0.607017 255 0 0
-92.094 -22.1098 -79.0028 0.628878 -0.485842 0.607017 255 0 0
-92.0075 -21.9803 -79.0028 0.686913 -0.399601 0.607017 255 0 0
-91.9387 -21.8407 -79.0028 0.733195 -0.306522 0.607017 255 0 0
-91.8887 -21.6933 -79.0028 0.766931 -0.208198 0.607017 255 0 0
-91.8583 -21.5407 -79.0028 0.787546 -0.106313 0.607017 255 0 0
-91.7391 -21.3853 -79.1659 0.866848 -0.00214182 0.498568 255 0 0
-91.7502 -21.2158 -79.1659 0.859711 0.111023 0.498568 255 0 0
-91.7834 -21.0491 -79.1659 0.837865 0.222288 0.498568 255 0 0
-91.838 -20.8882 -79.1659 0.801683 0.32975 0.498568 255 0 0
-91.9131 -20.7358 -79.1659 0.751783 0.431569 0.498568 255 0 0
-92.0075 -20.5945 -79.1659 0.68902 0.526004 0.498568 255 0 0
-92.1196 -20.4668 -79.1659 0.614468 0.611439 0.498568 255 0 0
-92.2473 -20.3547 -79.1659 0.529403 0.686413 0.498568 255 0 0
-92.3886 -20.2603 -79.1659 0.435279 0.749641 0.498568 255 0 0
-92.541 -20.1852 -79.1659 0.333707 0.800043 0.498568 255 0 0
-92.7019 -20.1306 -79.1659 0.226426 0.836756 0.498568 255 0 0
-92.8686 -20.0974 -79.1659 0.11527 0.859152 0.498568 255 0 0
-93.0381 -20.0863 -79.1659 0.00214182 0.866848 0.498568 255 0 0
-93.2077 -20.0974 -79.1659 -0.111023 0.859711 0.498568 255 0 0
-93.3744 -20.1306 -79.1659 -0.222288 0.837865 0.498568 255 0 0
-93.5353 -20.1852 -79.1659 -0.32975 0.801683 0.498568 255 0 0
-93.6877 -20.2603 -79.1659 -0.431569 0.751783 0.498568 255 0 0
-93.8289 -20.3547 -79.1659 -0.526004 0.68902 0.498568 255 0 0
-93.9567 -20.4668 -79.1659 -0.611439 0.614468 0.498568 255 0 0
-94.0687 -20.5945 -79.1659 -0.686413 0.529403 0.498568 255 0 0
-94.1631 -20.7358 -79.1659 -0.749641 0.435279 0.498568 255 0 0
-94.2383 -20.8882 -79.1659 -0.800043 0.333707 0.498568 255 0 0
-94.2929 -21.0491 -79.1659 -0.836756 0.226426 0.498568 255 0 0
-94.3261 -21.2158 -79.1659 -0.859152 0.11527 0.498568 255 0 0
-94.3372 -21.3853 -79.1659 -0.866848 0.00214182 0.498568 255 0 0
-94.3261 -21.5549 -79.1659 -0.859711 -0.111023 0.498568 255 0 0
-94.2929 -21.7215 -79.1659 -0.837865 -0.222288 0.498568 255 0 0
-94.2383 -21.8824 -79.1659 -0.801683 -0.32975 0.498568 255 0 0
-94.1631 -22.0348 -79.1659 -0.751783 -0.431569 0.498568 255 0 0
-94.0687 -22.1761 -79.1659 -0.68902 -0.526004 0.498568 255 0 0
-93.9567 -22.3039 -79.1659 -0.614468 -0.611439 0.498568 255 0 0
-93.8289 -22.4159 -79.1659 -0.529403 -0.686413 0.498568 255 0 0
-93.6877 -22.5103 -79.1659 -0.435279 -0.749641 0.498568 255 0 0
-93.5353 -22.5855 -79.1659 -0.333707 -0.800043 0.498568 255 0 0
-93.3744 -22.6401 -79.1659 -0.226426 -0.836756 0.498568 255 0 0
-93.2077 -22.6733 -79.1659 -0.11527 -0.859152 0.498568 255 0 0
-93.0381 -22.6844 -79.1659 -0.00214182 -0.866848 0.498568 255 0 0
-92.8686 -22.6733 -79.1659 0.111023 -0.859711 0.498568 255 0 0
-92.7019 -22.6401 -79.1659 0.222288 -0.837865 0.498568 255 0 0
-92.541 -22.5855 -79.1659 0.32975 -0.801683 0.498568 255 0 0
-92.3886 -22.5103 -79.1659 0.431569 -0.751783 0.498568 255 0 0
-92.2473 -22.4159 -79.1659 0.526004 -0.68902 0.498568 255 0 0
-92.1196 -22.3039 -79.1659 0.611439 -0.614468 0.498568 255 0 0
-92.0075 -22.1761 -79.1659 0.686413 -0.529403 0.498568 255 0 0
-91.9131 -22.0348 -79.1659 0.749641 -0.435279 0.498568 255 0 0
-91.838 -21.8824 -79.1659 0.800043 -0.333707 0.498568 255 0 0
-91.7834 -21.7215 -79.1659 0.836756 -0.226426 0.498568 255 0 0
-91.7502 -21.5549 -79.1659 0.859152 -0.11527 0.498568 255 0 0
-91.6523 -21.3853 -79.3419 0.924331 -0.00163928 0.381588 255 0 0
-91.6642 -21.2044 -79.3419 0.916637 0.119024 0.381588 255 0 0
-91.6995 -21.0267 -79.3419 0.893259 0.237651 0.381588 255 0 0
-91.7578 -20.855 -79.3419 0.854598 0.352212 0.381588 255 0 0
-91.838 -20.6924 -79.3419 0.801314 0.460746 0.381588 255 0 0
-91.9387 -20.5417 -79.3419 0.734319 0.561397 0.381588 255 0 0
-92.0582 -20.4054 -79.3419 0.65476 0.652442 0.381588 255 0 0
-92.1945 -20.2859 -79.3419 0.563998 0.732323 0.381588 255 0 0
-92.3452 -20.1852 -79.3419 0.463585 0.799674 0.381588 255 0 0
-92.5078 -20.105 -79.3419 0.355241 0.853343 0.381588 255 0 0
-92.6795 -20.0467 -79.3419 0.240818 0.892411 0.381588 255 0 0
-92.8573 -20.0114 -79.3419 0.122275 0.916209 0.381588 255 0 0
-93.0381 -19.9995 -79.3419 0.00163928 0.924331 0.381588 255 0 0
-93.219 -20.0114 -79.3419 -0.119024 0.916637 0.381588 255 0 0
-93.3968 -20.0467 -79.3419 -0.237651 0.893259 0.381588 255 0 0
-93.5685 -20.105 -79.3419 -0.352212 0.854598 0.381588 255 0 0
-93.7311 -20.1852 -79.3419 -0.460746 0.801314 0.381588 255 0 0
-93.8818 -20.2859 -79.3419 -0.561397 0.734319 0.381588 255 0 0
-94.0181 -20.4054 -79.3419 -0.652442 0.65476 0.381588 255 0 0
-94.1376 -20.5417 -79.3419 -0.732323 0.563998 0.381588 255 0 0
-94.2383 -20.6924 -79.3419 -0.799674 0.463585 0.381588 255 0 0
-94.3185 -20.855 -79.3419 -0.853343 0.355241 0.381588 255 0 0
-94.3767 -21.0267 -79.3419 -0.892411 0.240818 0.381588 255 0 0
-94.4121 -21.2044 -79.3419 -0.916209 0.122275 0.381588 255 0 0
-94.424 -21.3853 -79.3419 -0.924331 0.00163928 0.381588 255 0 0
-94.4121 -21.5662 -79.3419 -0.916637 -0.119024 0.381588 255 0 0
-94.3767 -21.744 -79.3419 -0.893259 -0.237651 0.381588 255 0 0
-94.3185 -21.9157 -79.3419 -0.854598 -0.352212 0.381588 255 0 0
-94.2383 -22.0782 -79.3419 -0.801314 -0.460746 0.381588 255 0 0
-94.1376 -22.229 -79.3419 -0.734319 -0.561397 0.381588 255 0 0
-94.0181 -22.3652 -79.3419 -0.65476 -0.652442 0.381588 255 0 0
-93.8818 -22.4848 -79.3419 -0.563998 -0.732323 0.381588 255 0 0
-93.7311 -22.5855 -79.3419 -0.463585 -0.799674 0.381588 255 0 0
-93.5685 -22.6657 -79.3419 -0.355241 -0.853343 0.381588 255 0 0
-93.3968 -22.7239 -79.3419 -0.240818 -0.892411 0.381588 255 0 0
-93.219 -22.7593 -79.3419 -0.122275 -0.916209 0.381588 255 0 0
-93.0381 -22.7711 -79.3419 -0.00163928 -0.924331 0.381588 255 0 0
-92.8573 -22.7593 -79.3419 0.119024 -0.916637 0.381588 255 0 0
-92.6795 -22.7239 -79.3419 0.237651 -0.893259 0.381588 255 0 0
-92.5078 -22.6657 -79.3419 0.352212 -0.854598 0.381588 255 0 0
-92.3452 -22.5855 -79.3419 0.460746 -0.801314 0.381588 255 0 0
-92.1945 -22.4848 -79.3419 0.561397 -0.734319 0.381588 255 0 0
-92.0582 -22.3652 -79.3419 0.652442 -0.65476 0.381588 255 0 0
-91.9387 -22.229 -79.3419 0.732323 -0.563998 0.381588 255 0 0
-91.838 -22.0782 -79.3419 0.799674 -0.463585 0.381588 255 0 0
-91.7578 -21.9157 -79.3419 0.853343 -0.355241 0.381588 255 0 0
-91.6995 -21.744 -79.3419 0.892411 -0.240818 0.381588 255 0 0
-91.6642 -21.5662 -79.3419 0.916209 -0.122275 0.381588 255 0 0
-91.5893 -21.3853 -79.5277 0.966123 -0.00110869 0.258079 255 0 0
-91.6017 -21.1962 -79.5277 0.958003 0.125005 0.258079 255 0 0
-91.6386 -21.0103 -79.5277 0.93349 0.24898 0.258079 255 0 0
-91.6995 -20.8309 -79.5277 0.893006 0.368695 0.258079 255 0 0
-91.7834 -20.6609 -79.5277 0.837242 0.482101 0.258079 255 0 0
-91.8887 -20.5033 -79.5277 0.767152 0.587259 0.258079 255 0 0
-92.0136 -20.3608 -79.5277 0.683936 0.682368 0.258079 255 0 0
-92.1561 -20.2358 -79.5277 0.589018 0.765802 0.258079 255 0 0
-92.3137 -20.1306 -79.5277 0.484022 0.836133 0.258079 255 0 0
-92.4837 -20.0467 -79.5277 0.370744 0.892157 0.258079 255 0 0
-92.6631 -19.9858 -79.5277 0.251122 0.932916 0.258079 255 0 0
-92.849 -19.9488 -79.5277 0.127204 0.957713 0.258079 255 0 0
-93.0381 -19.9364 -79.5277 0.00110869 0.966123 0.258079 255 0 0
-93.2273 -19.9488 -79.5277 -0.125005 0.958003 0.258079 255 0 0
-93.4131 -19.9858 -79.5277 -0.24898 0.93349 0.258079 255 0 0
-93.5926 -20.0467 -79.5277 -0.368695 0.893006 0.258079 255 0 0
-93.7626 -20.1306 -79.5277 -0.482101 0.837242 0.258079 255 0 0
-93.9202 -20.2358 -79.5277 -0.587259 0.767152 0.258079 255 0 0
-94.0627 -20.3608 -79.5277 -0.682368 0.683936 0.258079 255 0 0
-94.1876 -20.5033 -79.5277 -0.765802 0.589018 0.258079 255 0 0
-94.2929 -20.6609 -79.5277 -0.836133 0.484022 0.258079 255 0 0
-94.3767 -20.8309 -79.5277 -0.892157 0.370744 0.258079 255 0 0
-94.4377 -21.0103 -79.5277 -0.932916 0.251122 0.258079 255 0 0
-94.4746 -21.1962 -79.5277 -0.957713 0.127204 0.258079 255 0 0
-94.487 -21.3853 -79.5277 -0.966123 0.00110869 0.258079 255 0 0
-94.4746 -21.5744 -79.5277 -0.958003 -0.125005 0.258079 255 0 0
-94.4377 -21.7603 -79.5277 -0.93349 -0.24898 0.258079 255 0 0
-94.3767 -21.9398 -79.5277 -0.893006 -0.368695 0.258079 255 0 0
-94.2929 -22.1098 -79.5277 -0.837242 -0.482101 0.258079 255 0 0
-94.1876 -22.2674 -79.5277 -0.767152 -0.587259 0.258079 255 0 0
-94.0627 -22.4098 -79.5277 -0.683936 -0.682368 0.258079 255 0 0
-93.9202 -22.5348 -79.5277 -0.589018 -0.765802 0.258079 255 0 0
-93.7626 -22.6401 -79.5277 -0.484022 -0.836133 0.258079 255 0 0
-93.5926 -22.7239 -79.5277 -0.370744 -0.892157 0.258079 255 0 0
-93.4131 -22.7848 -79.5277 -0.251122 -0.932916 0.258079 255 0 0
-93.2273 -22.8218 -79.5277 -0.127204 -0.957713 0.258079 255 0 0
-93.0381 -22.8342 -79.5277 -0.00110869 -0.966123 0.258079 255 0 0
-92.849 -22.8218 -79.5277 0.125005 -0.958003 0.258079 255 0 0
-92.6631 -22.7848 -79.5277 0.24898 -0.93349 0.258079 255 0 0
-92.4837 -22.7239 -79.5277 0.368695 -0.893006 0.258079 255 0 0
-92.3137 -22.6401 -79.5277 0.482101 -0.837242 0.258079 255 0 0
-92.1561 -22.5348 -79.5277 0.587259 -0.767152 0.258079 255 0 0
-92.0136 -22.4098 -79.5277 0.682368 -0.683936 0.258079 255 0 0
-91.8887 -22.2674 -79.5277 0.765802 -0.589018 0.258079 255 0 0
-91.7834 -22.1098 -79.5277 0.836133 -0.484022 0.258079 255 0 0
-91.6995 -21.9398 -79.5277 0.892157 -0.370744 0.258079 255 0 0
-91.6386 -21.7603 -79.5277 0.932916 -0.251122 0.258079 255 0 0
-91.6017 -21.5744 -79.5277 0.957713 -0.127204 0.258079 255 0 0
-91.551 -21.3853 -79.7201 0.991494 -0.00055913 0.130153 255 0 0
-91.5637 -21.1912 -79.7201 0.983084 0.128862 0.130153 255 0 0
-91.6017 -21.0004 -79.7201 0.957854 0.256077 0.130153 255 0 0
-91.6642 -20.8162 -79.7201 0.916235 0.378912 0.130153 255 0 0
-91.7502 -20.6417 -79.7201 0.858938 0.495263 0.130153 255 0 0
-91.8583 -20.48 -79.7201 0.786945 0.60314 0.130153 255 0 0
-91.9866 -20.3337 -79.7201 0.701487 0.700697 0.130153 255 0 0
-92.1328 -20.2055 -79.7201 0.604027 0.786265 0.130153 255 0 0
-92.2946 -20.0974 -79.7201 0.496231 0.858379 0.130153 255 0 0
-92.469 -20.0114 -79.7201 0.379945 0.915807 0.130153 255 0 0
-92.6532 -19.9488 -79.7201 0.257158 0.957565 0.130153 255 0 0
-92.844 -19.9109 -79.7201 0.12997 0.982938 0.130153 255 0 0
-93.0381 -19.8982 -79.7201 0.00055913 0.991494 0.130153 255 0 0
-93.2323 -19.9109 -79.7201 -0.128862 0.983084 0.130153 255 0 0
-93.4231 -19.9488 -79.7201 -0.256077 0.957854 0.130153 255 0 0
-93.6073 -20.0114 -79.7201 -0.378912 0.916235 0.130153 255 0 0
-93.7817 -20.0974 -79.7201 -0.495263 0.858938 0.130153 255 0 0
-93.9435 -20.2055 -79.7201 -0.60314 0.786945 0.130153 255 0 0
-94.0897 -20.3337 -79.7201 -0.700697 0.701487 0.130153 255 0 0
-94.218 -20.48 -79.7201 -0.786265 0.604027 0.130153 255 0 0
-94.3261 -20.6417 -79.7201 -0.858379 0.496231 0.130153 255 0 0
-94.4121 -20.8162 -79.7201 -0.915807 0.379945 0.130153 255 0 0
-94.4746 -21.0004 -79.7201 -0.957565 0.257158 0.130153 255 0 0
-94.5126 -21.1912 -79.7201 -0.982938 0.12997 0.130153 255 0 0
-94.5253 -21.3853 -79.7201 -0.991494 0.00055913 0.130153 255 0 0
-94.5126 -21.5794 -79.7201 -0.983084 -0.128862 0.130153 255 0 0
-94.4746 -21.7702 -79.7201 -0.957854 -0.256077 0.130153 255 0 0
-94.4121 -21.9544 -79.7201 -0.916235 -0.378912 0.130153 255 0 0
-94.3261 -22.1289 -79.7201 -0.858938 -0.495263 0.130153 255 0 0
-94.218 -22.2907 -79.7201 -0.786945 -0.60314 0.130153 255 0 0
-94.0897 -22.4369 -79.7201 -0.701487 -0.700697 0.130153 255 0 0
-93.9435 -22.5652 -79.7201 -0.604027 -0.786265 0.130153 255 0 0
-93.7817 -22.6733 -79.7201 -0.496231 -0.858379 0.130153 255 0 0
-93.6073 -22.7593 -79.7201 -0.379945 -0.915807 0.130153 255 0 0
-93.4231 -22.8218 -79.7201 -0.257158 -0.957565 0.130153 255 0 0
-93.2323 -22.8598 -79.7201 -0.12997 -0.982938 0.130153 255 0 0
-93.0381 -22.8725 -79.7201 -0.00055913 -0.991494 0.130153 255 0 0
-92.844 -22.8598 -79.7201 0.128862 -0.983084 0.130153 255 0 0
-92.6532 -22.8218 -79.7201 0.256077 -0.957854 0.130153 255 0 0
-92.469 -22.7593 -79.7201 0.378912 -0.916235 0.130153 255 0 0
-92.2946 -22.6733 -79.7201 0.495263 -0.858938 0.130153 255 0 0
-92.1328 -22.5652 -79.7201 0.60314 -0.786945 0.130153 255 0 0
-91.9866 -22.4369 -79.7201 0.700697 -0.701487 0.130153 255 0 0
-91.8583 -22.2907 -79.7201 0.786265 -0.604027 0.130153 255 0 0
-91.7502 -22.1289 -79.7201 0.858379 -0.496231 0.130153 255 0 0
-91.6642 -21.9544 -79.7201 0.915807 -0.379945 0.130153 255 0 0
-91.6017 -21.7702 -79.7201 0.957565 -0.257158 0.130153 255 0 0
-91.5637 -21.5794 -79.7201 0.982938 -0.12997 0.130153 255 0 0
-91.5381 -21.3853 -79.9159 1 0 -1.94768e-16 255 0 0
-91.551 -21.1895 -79.9159 0.991445 0.130526 -2.98393e-15 255 0 0
-91.5893 -20.9971 -79.9159 0.965926 0.258819 5.10558e-17 255 0 0
-91.6523 -20.8113 -79.9159 0.92388 0.382683 1.82666e-15 255 0 0
-91.7391 -20.6353 -79.9159 0.866025 0.5 2.48661e-15 255 0 0
-91.8481 -20.4722 -79.9159 0.793353 0.608761 -2.49795e-15 255 0 0
-91.9775 -20.3247 -79.9159 0.707107 0.707107 3.78191e-18 255 0 0
-92.125 -20.1953 -79.9159 0.608761 0.793353 4.33029e-15 255 0 0
-92.2881 -20.0863 -79.9159 0.5 0.866025 -1.13457e-17 255 0 0
-92.4641 -19.9995 -79.9159 0.382683 0.92388 2.29751e-15 255 0 0
-92.6499 -19.9364 -79.9159 0.258819 0.965926 -5.67287e-17 255 0 0
-92.8424 -19.8982 -79.9159 0.130526 0.991445 -4.59502e-16 255 0 0
-93.0381 -19.8853 -79.9159 0 1 -1.89096e-18 255 0 0
-93.2339 -19.8982 -79.9159 -0.130526 0.991445 6.47842e-15 255 0 0
-93.4264 -19.9364 -79.9159 -0.258819 0.965926 2.98015e-15 255 0 0
-93.6122 -19.9995 -79.9159 -0.382683 0.92388 3.35456e-15 255 0 0
-93.7881 -20.0863 -79.9159 -0.5 0.866025 2.63977e-15 255 0 0
-93.9513 -20.1953 -79.9159 -0.608761 0.793353 -4.33974e-15 255 0 0
-94.0988 -20.3247 -79.9159 -0.707107 0.707107 -1.32367e-17 255 0 0
-94.2282 -20.4722 -79.9159 -0.793353 0.608761 2.47715e-15 255 0 0
-94.3372 -20.6353 -79.9159 -0.866025 0.5 -2.48661e-15 255 0 0
-94.424 -20.8113 -79.9159 -0.92388 0.382683 -8.58494e-16 255 0 0
-94.487 -20.9971 -79.9159 -0.965926 0.258819 5.35141e-16 255 0 0
-94.5253 -21.1895 -79.9159 -0.991445 0.130526 2.38639e-15 255 0 0
-94.5381 -21.3853 -79.9159 -1 0 -1.94768e-16 255 0 0
-94.5253 -21.5811 -79.9159 -0.991445 -0.130526 -2.98393e-15 255 0 0
-94.487 -21.7736 -79.9159 -0.965926 -0.258819 8.37693e-16 255 0 0
-94.424 -21.9594 -79.9159 -0.92388 -0.382683 2.19162e-15 255 0 0
-94.3372 -22.1353 -79.9159 -0.866025 -0.5 9.68169e-16 255 0 0
-94.2282 -22.2985 -79.9159 -0.793353 -0.608761 -4.48724e-15 255 0 0
-94.0988 -22.446 -79.9159 -0.707107 -0.707107 0 255 0 0
-93.9513 -22.5754 -79.9159 -0.608761 -0.793353 6.59565e-15 255 0 0
-93.7881 -22.6844 -79.9159 -0.5 -0.866025 -1.13457e-17 255 0 0
-93.6122 -22.7711 -79.9159 -0.382683 -0.92388 2.29751e-15 255 0 0
-93.4264 -22.8342 -79.9159 -0.258819 -0.965926 -5.67287e-17 255 0 0
-93.2339 -22.8725 -79.9159 -0.130526 -0.991445 -4.59502e-16 255 0 0
-93.0381 -22.8853 -79.9159 0 -1 -1.89096e-18 255 0 0
-92.8424 -22.8725 -79.9159 0.130526 -0.991445 6.47842e-15 255 0 0
-92.6499 -22.8342 -79.9159 0.258819 -0.965926 4.91649e-17 255 0 0
-92.4641 -22.7711 -79.9159 0.382683 -0.92388 -2.14434e-15 255 0 0
-92.2881 -22.6844 -79.9159 0.5 -0.866025 2.63977e-15 255 0 0
-92.125 -22.5754 -79.9159 0.608761 -0.793353 -4.33974e-15 255 0 0
-91.9775 -22.446 -79.9159 0.707107 -0.707107 -1.32367e-17 255 0 0
-91.8481 -22.2985 -79.9159 0.793353 -0.608761 2.47715e-15 255 0 0
-91.7391 -22.1353 -79.9159 0.866025 -0.5 -1.1497e-15 255 0 0
-91.6523 -21.9594 -79.9159 0.92388 -0.382683 -2.0063e-15 255 0 0
-91.5893 -21.7736 -79.9159 0.965926 -0.258819 -5.48377e-17 255 0 0
-91.551 -21.5811 -79.9159 0.991445 -0.130526 2.78538e-15 255 0 0
-91.551 -21.3853 -80.1117 0.991494 0.00055913 -0.130153 255 0 0
-91.5637 -21.1912 -80.1117 0.982938 0.12997 -0.130153 255 0 0
-91.6017 -21.0004 -80.1117 0.957565 0.257158 -0.130153 255 0 0
-91.6642 -20.8162 -80.1117 0.915807 0.379945 -0.130153 255 0 0
-91.7502 -20.6417 -80.1117 0.858379 0.496231 -0.130153 255 0 0
-91.8583 -20.48 -80.1117 0.786265 0.604027 -0.130153 255 0 0
-91.9866 -20.3337 -80.1117 0.700697 0.701487 -0.130153 255 0 0
-92.1328 -20.2055 -80.1117 0.60314 0.786945 -0.130153 255 0 0
-92.2946 -20.0974 -80.1117 0.495263 0.858938 -0.130153 255 0 0
-92.469 -20.0114 -80.1117 0.378912 0.916235 -0.130153 255 0 0
-92.6532 -19.9488 -80.1117 0.256077 0.957854 -0.130153 255 0 0
-92.844 -19.9109 -80.1117 0.128862 0.983084 -0.130153 255 0 0
-93.0381 -19.8982 -80.1117 -0.00055913 0.991494 -0.130153 255 0 0
-93.2323 -19.9109 -80.1117 -0.12997 0.982938 -0.130153 255 0 0
-93.4231 -19.9488 -80.1117 -0.257158 0.957565 -0.130153 255 0 0
-93.6073 -20.0114 -80.1117 -0.379945 0.915807 -0.130153 255 0 0
-93.7817 -20.0974 -80.1117 -0.496231 0.858379 -0.130153 255 0 0
-93.9435 -20.2055 -80.1117 -0.604027 0.786265 -0.130153 255 0 0
-94.0897 -20.3337 -80.1117 -0.701487 0.700697 -0.130153 255 0 0
-94.218 -20.48 -80.1117 -0.786945 0.60314 -0.130153 255 0 0
-94.3261 -20.6417 -80.1117 -0.858938 0.495263 -0.130153 255 0 0
-94.4121 -20.8162 -80.1117 -0.916235 0.378912 -0.130153 255 0 0
-94.4746 -21.0004 -80.1117 -0.957854 0.256077 -0.130153 255 0 0
-94.5126 -21.1912 -80.1117 -0.983084 0.128862 -0.130153 255 0 0
-94.5253 -21.3853 -80.1117 -0.991494 -0.00055913 -0.130153 255 0 0
-94.5126 -21.5794 -80.1117 -0.982938 -0.12997 -0.130153 255 0 0
-94.4746 -21.7702 -80.1117 -0.957565 -0.257158 -0.130153 255 0 0
-94.4121 -21.9544 -80.1117 -0.915807 -0.379945 -0.130153 255 0 0
-94.3261 -22.1289 -80.1117 -0.858379 -0.496231 -0.130153 255 0 0
-94.218 -22.2907 -80.1117 -0.786265 -0.604027 -0.130153 255 0 0
-94.0897 -22.4369 -80.1117 -0.700697 -0.701487 -0.130153 255 0 0
-93.9435 -22.5652 -80.1117 -0.60314 -0.786945 -0.130153 255 0 0
-93.7817 -22.6733 -80.1117 -0.495263 -0.858938 -0.130153 255 0 0
-93.6073 -22.7593 -80.1117 -0.378912 -0.916235 -0.130153 255 0 0
-93.4231 -22.8218 -80.1117 -0.256077 -0.957854 -0.130153 255 0 0
-93.2323 -22.8598 -80.1117 -0.128862 -0.983084 -0.130153 255 0 0
-93.0381 -22.8725 -80.1117 0.00055913 -0.991494 -0.130153 255 0 0
-92.844 -22.8598 -80.1117 0.12997 -0.982938 -0.130153 255 0 0
-92.6532 -22.8218 -80.1117 0.257158 -0.957565 -0.130153 255 0 0
-92.469 -22.7593 -80.1117 0.379945 -0.915807 -0.130153 255 0 0
-92.2946 -22.6733 -80.1117 0.496231 -0.858379 -0.130153 255 0 0
-92.1328 -22.5652 -80.1117 0.604027 -0.786265 -0.130153 255 0 0
-91.9866 -22.4369 -80.1117 0.701487 -0.700697 -0.130153 255 0 0
-91.8583 -22.2907 -80.1117 0.786945 -0.60314 -0.130153 255 0 0
-91.7502 -22.1289 -80.1117 0.858938 -0.495263 -0.130153 255 0 0
-91.6642 -21.9544 -80.1117 0.916235 -0.378912 -0.130153 255 0 0
-91.6017 -21.7702 -80.1117 0.957854 -0.256077 -0.130153 255 0 0
-91.5637 -21.5794 -80.1117 0.983084 -0.128862 -0.130153 255 0 0
-91.5893 -21.3853 -80.3042 0.966123 0.00110869 -0.258079 255 0 0
-91.6017 -21.1962 -80.3042 0.957713 0.127204 -0.258079 255 0 0
-91.6386 -21.0103 -80.3042 0.932916 0.251122 -0.258079 255 0 0
-91.6995 -20.8309 -80.3042 0.892157 0.370744 -0.258079 255 0 0
-91.7834 -20.6609 -80.3042 0.836133 0.484022 -0.258079 255 0 0
-91.8887 -20.5033 -80.3042 0.765802 0.589018 -0.258079 255 0 0
-92.0136 -20.3608 -80.3042 0.682368 0.683936 -0.258079 255 0 0
-92.1561 -20.2358 -80.3042 0.587259 0.767152 -0.258079 255 0 0
-92.3137 -20.1306 -80.3042 0.482101 0.837242 -0.258079 255 0 0
-92.4837 -20.0467 -80.3042 0.368695 0.893006 -0.258079 255 0 0
-92.6631 -19.9858 -80.3042 0.24898 0.93349 -0.258079 255 0 0
-92.849 -19.9488 -80.3042 0.125005 0.958003 -0.258079 255 0 0
-93.0381 -19.9364 -80.3042 -0.00110869 0.966123 -0.258079 255 0 0
-93.2273 -19.9488 -80.3042 -0.127204 0.957713 -0.258079 255 0 0
-93.4131 -19.9858 -80.3042 -0.251122 0.932916 -0.258079 255 0 0
-93.5926 -20.0467 -80.3042 -0.370744 0.892157 -0.258079 255 0 0
-93.7626 -20.1306 -80.3042 -0.484022 0.836133 -0.258079 255 0 0
-93.9202 -20.2358 -80.3042 -0.589018 0.765802 -0.258079 255 0 0
-94.0627 -20.3608 -80.3042 -0.683936 0.682368 -0.258079 255 0 0
-94.1876 -20.5033 -80.3042 -0.767152 0.587259 -0.258079 255 0 0
-94.2929 -20.6609 -80.3042 -0.837242 0.482101 -0.258079 255 0 0
-94.3767 -20.8309 -80.3042 -0.893006 0.368695 -0.258079 255 0 0
-94.4377 -21.0103 -80.3042 -0.93349 0.24898 -0.258079 255 0 0
-94.4746 -21.1962 -80.3042 -0.958003 0.125005 -0.258079 255 0 0
-94.487 -21.3853 -80.3042 -0.966123 -0.00110869 -0.258079 255 0 0
-94.4746 -21.5744 -80.3042 -0.957713 -0.127204 -0.258079 255 0 0
-94.4377 -21.7603 -80.3042 -0.932916 -0.251122 -0.258079 255 0 0
-94.3767 -21.9398 -80.3042 -0.892157 -0.370744 -0.258079 255 0 0
-94.2929 -22.1098 -80.3042 -0.836133 -0.484022 -0.258079 255 0 0
-94.1876 -22.2674 -80.3042 -0.765802 -0.589018 -0.258079 255 0 0
-94.0627 -22.4098 -80.3042 -0.682368 -0.683936 -0.258079 255 0 0
-93.9202 -22.5348 -80.3042 -0.587259 -0.767152 -0.258079 255 0 0
-93.7626 -22.6401 -80.3042 -0.482101 -0.837242 -0.258079 255 0 0
-93.5926 -22.7239 -80.3042 -0.368695 -0.893006 -0.258079 255 0 0
-93.4131 -22.7848 -80.3042 -0.24898 -0.93349 -0.258079 255 0 0
-93.2273 -22.8218 -80.3042 -0.125005 -0.958003 -0.258079 255 0 0
-93.0381 -22.8342 -80.3042 0.00110869 -0.966123 -0.258079 255 0 0
-92.849 -22.8218 -80.3042 0.127204 -0.957713 -0.258079 255 0 0
-92.6631 -22.7848 -80.3042 0.251122 -0.932916 -0.258079 255 0 0
-92.4837 -22.7239 -80.3042 0.370744 -0.892157 -0.258079 255 0 0
-92.3137 -22.6401 -80.3042 0.484022 -0.836133 -0.258079 255 0 0
-92.1561 -22.5348 -80.3042 0.589018 -0.765802 -0.258079 255 0 0
-92.0136 -22.4098 -80.3042 0.683936 -0.682368 -0.258079 255 0 0
-91.8887 -22.2674 -80.3042 0.767152 -0.587259 -0.258079 255 0 0
-91.7834 -22.1098 -80.3042 0.837242 -0.482101 -0.258079 255 0 0
-91.6995 -21.9398 -80.3042 0.893006 -0.368695 -0.258079 255 0 0
-91.6386 -21.7603 -80.3042 0.93349 -0.24898 -0.258079 255 0 0
-91.6017 -21.5744 -80.3042 0.958003 -0.125005 -0.258079 255 0 0
-91.6523 -21.3853 -80.4899 0.924331 0.00163928 -0.381588 255 0 0
-91.6642 -21.2044 -80.4899 0.916209 0.122275 -0.381588 255 0 0
-91.6995 -21.0267 -80.4899 0.892411 0.240818 -0.381588 255 0 0
-91.7578 -20.855 -80.4899 0.853343 0.355241 -0.381588 255 0 0
-91.838 -20.6924 -80.4899 0.799674 0.463585 -0.381588 255 0 0
-91.9387 -20.5417 -80.4899 0.732323 0.563998 -0.381588 255 0 0
-92.0582 -20.4054 -80.4899 0.652442 0.65476 -0.381588 255 0 0
-92.1945 -20.2859 -80.4899 0.561397 0.734319 -0.381588 255 0 0
-92.3452 -20.1852 -80.4899 0.460746 0.801314 -0.381588 255 0 0
-92.5078 -20.105 -80.4899 0.352212 0.854598 -0.381588 255 0 0
-92.6795 -20.0467 -80.4899 0.237651 0.893259 -0.381588 255 0 0
-92.8573 -20.0114 -80.4899 0.119024 0.916637 -0.381588 255 0 0
-93.0381 -19.9995 -80.4899 -0.00163928 0.924331 -0.381588 255 0 0
-93.219 -20.0114 -80.4899 -0.122275 0.916209 -0.381588 255 0 0
-93.3968 -20.0467 -80.4899 -0.240818 0.892411 -0.381588 255 0 0
-93.5685 -20.105 -80.4899 -0.355241 0.853343 -0.381588 255 0 0
-93.7311 -20.1852 -80.4899 -0.463585 0.799674 -0.381588 255 0 0
-93.8818 -20.2859 -80.4899 -0.563998 0.732323 -0.381588 255 0 0
-94.0181 -20.4054 -80.4899 -0.65476 0.652442 -0.381588 255 0 0
-94.1376 -20.5417 -80.4899 -0.734319 0.561397 -0.381588 255 0 0
-94.2383 -20.6924 -80.4899 -0.801314 0.460746 -0.381588 255 0 0
-94.3185 -20.855 -80.4899 -0.854598 0.352212 -0.381588 255 0 0
-94.3767 -21.0267 -80.4899 -0.893259 0.237651 -0.381588 255 0 0
-94.4121 -21.2044 -80.4899 -0.916637 0.119024 -0.381588 255 0 0
-94.424 -21.3853 -80.4899 -0.924331 -0.00163928 -0.381588 255 0 0
-94.4121 -21.5662 -80.4899 -0.916209 -0.122275 -0.381588 255 0 0
-94.3767 -21.744 -80.4899 -0.892411 -0.240818 -0.381588 255 0 0
-94.3185 -21.9157 -80.4899 -0.853343 -0.355241 -0.381588 255 0 0
-94.2383 -22.0782 -80.4899 -0.799674 -0.463585 -0.381588 255 0 0
-94.1376 -22.229 -80.4899 -0.732323 -0.563998 -0.381588 255 0 0
-94.0181 -22.3652 -80.4899 -0.652442 -0.65476 -0.381588 255 0 0
-93.8818 -22.4848 -80.4899 -0.561397 -0.734319 -0.381588 255 0 0
-93.7311 -22.5855 -80.4899 -0.460746 -0.801314 -0.381588 255 0 0
-93.5685 -22.6657 -80.4899 -0.352212 -0.854598 -0.381588 255 0 0
-93.3968 -22.7239 -80.4899 -0.237651 -0.893259 -0.381588 255 0 0
-93.219 -22.7593 -80.4899 -0.119024 -0.916637 -0.381588 255 0 0
-93.0381 -22.7711 -80.4899 0.00163928 -0.924331 -0.381588 255 0 0
-92.8573 -22.7593 -80.4899 0.122275 -0.916209 -0.381588 255 0 0
-92.6795 -22.7239 -80.4899 0.240818 -0.892411 -0.381588 255 0 0
-92.5078 -22.6657 -80.4899 0.355241 -0.853343 -0.381588 255 0 0
-92.3452 -22.5855 -80.4899 0.463585 -0.799674 -0.381588 255 0 0
-92.1945 -22.4848 -80.4899 0.563998 -0.732323 -0.381588 255 0 0
-92.0582 -22.3652 -80.4899 0.65476 -0.652442 -0.381588 255 0 0
-91.9387 -22.229 -80.4899 0.734319 -0.561397 -0.381588 255 0 0
-91.838 -22.0782 -80.4899 0.801314 -0.460746 -0.381588 255 0 0
-91.7578 -21.9157 -80.4899 0.854598 -0.352212 -0.381588 255 0 0
-91.6995 -21.744 -80.4899 0.893259 -0.237651 -0.381588 255 0 0
-91.6642 -21.5662 -80.4899 0.916637 -0.119024 -0.381588 255 0 0
-91.7391 -21.3853 -80.6659 0.866848 0.00214182 -0.498568 255 0 0
-91.7502 -21.2158 -80.6659 0.859152 0.11527 -0.498568 255 0 0
-91.7834 -21.0491 -80.6659 0.836756 0.226426 -0.498568 255 0 0
-91.838 -20.8882 -80.6659 0.800043 0.333707 -0.498568 255 0 0
-91.9131 -20.7358 -80.6659 0.749641 0.435279 -0.498568 255 0 0
-92.0075 -20.5945 -80.6659 0.686413 0.529403 -0.498568 255 0 0
-92.1196 -20.4668 -80.6659 0.611439 0.614468 -0.498568 255 0 0
-92.2473 -20.3547 -80.6659 0.526004 0.68902 -0.498568 255 0 0
-92.3886 -20.2603 -80.6659 0.431569 0.751783 -0.498568 255 0 0
-92.541 -20.1852 -80.6659 0.32975 0.801683 -0.498568 255 0 0
-92.7019 -20.1306 -80.6659 0.222288 0.837865 -0.498568 255 0 0
-92.8686 -20.0974 -80.6659 0.111023 0.859711 -0.498568 255 0 0
-93.0381 -20.0863 -80.6659 -0.00214182 0.866848 -0.498568 255 0 0
-93.2077 -20.0974 -80.6659 -0.11527 0.859152 -0.498568 255 0 0
-93.3744 -20.1306 -80.6659 -0.226426 0.836756 -0.498568 255 0 0
-93.5353 -20.1852 -80.6659 -0.333707 0.800043 -0.498568 255 0 0
-93.6877 -20.2603 -80.6659 -0.435279 0.749641 -0.498568 255 0 0
-93.8289 -20.3547 -80.6659 -0.529403 0.686413 -0.498568 255 0 0
-93.9567 -20.4668 -80.6659 -0.614468 0.611439 -0.498568 255 0 0
-94.0687 -20.5945 -80.6659 -0.68902 0.526004 -0.498568 255 0 0
-94.1631 -20.7358 -80.6659 -0.751783 0.431569 -0.498568 255 0 0
-94.2383 -20.8882 -80.6659 -0.801683 0.32975 -0.498568 255 0 0
-94.2929 -21.0491 -80.6659 -0.837865 0.222288 -0.498568 255 0 0
-94.3261 -21.2158 -80.6659 -0.859711 0.111023 -0.498568 255 0 0
-94.3372 -21.3853 -80.6659 -0.866848 -0.00214182 -0.498568 255 0 0
-94.3261 -21.5549 -80.6659 -0.859152 -0.11527 -0.498568 255 0 0
-94.2929 -21.7215 -80.6659 -0.836756 -0.226426 -0.498568 255 0 0
-94.2383 -21.8824 -80.6659 -0.800043 -0.333707 -0.498568 255 0 0
-94.1631 -22.0348 -80.6659 -0.749641 -0.435279 -0.498568 255 0 0
-94.0687 -22.1761 -80.6659 -0.686413 -0.529403 -0.498568 255 0 0
-93.9567 -22.3039 -80.6659 -0.611439 -0.614468 -0.498568 255 0 0
-93.8289 -22.4159 -80.6659 -0.526004 -0.68902 -0.498568 255 0 0
-93.6877 -22.5103 -80.6659 -0.431569 -0.751783 -0.498568 255 0 0
-93.5353 -22.5855 -80.6659 -0.32975 -0.801683 -0.498568 255 0 0
-93.3744 -22.6401 -80.6659 -0.222288 -0.837865 -0.498568 255 0 0
-93.2077 -22.6733 -80.6659 -0.111023 -0.859711 -0.498568 255 0 0
-93.0381 -22.6844 -80.6659 0.00214182 -0.866848 -0.498568 255 0 0
-92.8686 -22.6733 -80.6659 0.11527 -0.859152 -0.498568 255 0 0
-92.7019 -22.6401 -80.6659 0.226426 -0.836756 -0.498568 255 0 0
-92.541 -22.5855 -80.6659 0.333707 -0.800043 -0.498568 255 0 0
-92.3886 -22.5103 -80.6659 0.435279 -0.749641 -0.498568 255 0 0
-92.2473 -22.4159 -80.6659 0.529403 -0.686413 -0.498568 255 0 0
-92.1196 -22.3039 -80.6659 0.614468 -0.611439 -0.498568 255 0 0
-92.0075 -22.1761 -80.6659 0.68902 -0.526004 -0.498568 255 0 0
-91.9131 -22.0348 -80.6659 0.751783 -0.431569 -0.498568 255 0 0
-91.838 -21.8824 -80.6659 0.801683 -0.32975 -0.498568 255 0 0
-91.7834 -21.7215 -80.6659 0.837865 -0.222288 -0.498568 255 0 0
-91.7502 -21.5549 -80.6659 0.859711 -0.111023 -0.498568 255 0 0
-91.8481 -21.3853 -80.8291 0.794685 0.00260771 -0.607017 255 0 0
-91.8583 -21.23 -80.8291 0.787546 0.106313 -0.607017 255 0 0
-91.8887 -21.0773 -80.8291 0.766931 0.208198 -0.607017 255 0 0
-91.9387 -20.9299 -80.8291 0.733195 0.306522 -0.607017 255 0 0
-92.0075 -20.7903 -80.8291 0.686913 0.399601 -0.607017 255 0 0
-92.094 -20.6609 -80.8291 0.628878 0.485842 -0.607017 255 0 0
-92.1967 -20.5438 -80.8291 0.560083 0.563771 -0.607017 255 0 0
-92.3137 -20.4412 -80.8291 0.481705 0.632053 -0.607017 255 0 0
-92.4431 -20.3547 -80.8291 0.395084 0.689521 -0.607017 255 0 0
-92.5827 -20.2859 -80.8291 0.301703 0.735191 -0.607017 255 0 0
-92.7301 -20.2358 -80.8291 0.203161 0.768281 -0.607017 255 0 0
-92.8828 -20.2055 -80.8291 0.101142 0.788226 -0.607017 255 0 0
-93.0381 -20.1953 -80.8291 -0.00260771 0.794685 -0.607017 255 0 0
-93.1935 -20.2055 -80.8291 -0.106313 0.787546 -0.607017 255 0 0
-93.3461 -20.2358 -80.8291 -0.208198 0.766931 -0.607017 255 0 0
-93.4936 -20.2859 -80.8291 -0.306522 0.733195 -0.607017 255 0 0
-93.6332 -20.3547 -80.8291 -0.399601 0.686913 -0.607017 255 0 0
-93.7626 -20.4412 -80.8291 -0.485842 0.628878 -0.607017 255 0 0
-93.8796 -20.5438 -80.8291 -0.563771 0.560083 -0.607017 255 0 0
-93.9823 -20.6609 -80.8291 -0.632053 0.481705 -0.607017 255 0 0
-94.0687 -20.7903 -80.8291 -0.689521 0.395084 -0.607017 255 0 0
-94.1376 -20.9299 -80.8291 -0.735191 0.301703 -0.607017 255 0 0
-94.1876 -21.0773 -80.8291 -0.768281 0.203161 -0.607017 255 0 0
-94.218 -21.23 -80.8291 -0.788226 0.101142 -0.607017 255 0 0
-94.2282 -21.3853 -80.8291 -0.794685 -0.00260771 -0.607017 255 0 0
-94.218 -21.5407 -80.8291 -0.787546 -0.106313 -0.607017 255 0 0
-94.1876 -21.6933 -80.8291 -0.766931 -0.208198 -0.607017 255 0 0
-94.1376 -21.8407 -80.8291 -0.733195 -0.306522 -0.607017 255 0 0
-94.0687 -21.9803 -80.8291 -0.686913 -0.399601 -0.607017 255 0 0
-93.9823 -22.1098 -80.8291 -0.628878 -0.485842 -0.607017 255 0 0
-93.8796 -22.2268 -80.8291 -0.560083 -0.563771 -0.607017 255 0 0
-93.7626 -22.3294 -80.8291 -0.481705 -0.632053 -0.607017 255 0 0
-93.6332 -22.4159 -80.8291 -0.395084 -0.689521 -0.607017 255 0 0
-93.4936 -22.4848 -80.8291 -0.301703 -0.735191 -0.607017 255 0 0
-93.3461 -22.5348 -80.8291 -0.203161 -0.768281 -0.607017 255 0 0
-93.1935 -22.5652 -80.8291 -0.101142 -0.788226 -0.607017 255 0 0
-93.0381 -22.5754 -80.8291 0.00260771 -0.794685 -0.607017 255 0 0
-92.8828 -22.5652 -80.8291 0.106313 -0.787546 -0.607017 255 0 0
-92.7301 -22.5348 -80.8291 0.208198 -0.766931 -0.607017 255 0 0
-92.5827 -22.4848 -80.8291 0.306522 -0.733195 -0.607017 255 0 0
-92.4431 -22.4159 -80.8291 0.399601 -0.686913 -0.607017 255 0 0
-92.3137 -22.3294 -80.8291 0.485842 -0.628878 -0.607017 255 0 0
-92.1967 -22.2268 -80.8291 0.563771 -0.560083 -0.607017 255 0 0
-92.094 -22.1098 -80.8291 0.632053 -0.481705 -0.607017 255 0 0
-92.0075 -21.9803 -80.8291 0.689521 -0.395084 -0.607017 255 0 0
-91.9387 -21.8407 -80.8291 0.735191 -0.301703 -0.607017 255 0 0
-91.8887 -21.6933 -80.8291 0.768281 -0.203161 -0.607017 255 0 0
-91.8583 -21.5407 -80.8291 0.788226 -0.101142 -0.607017 255 0 0
-91.9775 -21.3853 -80.9766 0.709123 0.00302898 -0.705078 255 0 0
-91.9866 -21.2469 -80.9766 0.702661 0.0955622 -0.705078 255 0 0
-92.0136 -21.1108 -80.9766 0.684176 0.18646 -0.705078 255 0 0
-92.0582 -20.9794 -80.9766 0.653985 0.274168 -0.705078 255 0 0
-92.1196 -20.855 -80.9766 0.612604 0.357185 -0.705078 255 0 0
-92.1967 -20.7396 -80.9766 0.560741 0.43409 -0.705078 255 0 0
-92.2881 -20.6353 -80.9766 0.499284 0.503567 -0.705078 255 0 0
-92.3925 -20.5438 -80.9766 0.429284 0.564429 -0.705078 255 0 0
-92.5078 -20.4668 -80.9766 0.351938 0.615633 -0.705078 255 0 0
-92.6322 -20.4054 -80.9766 0.268571 0.656303 -0.705078 255 0 0
-92.7636 -20.3608 -80.9766 0.180609 0.685744 -0.705078 255 0 0
-92.8997 -20.3337 -80.9766 0.089556 0.703452 -0.705078 255 0 0
-93.0381 -20.3247 -80.9766 -0.00302898 0.709123 -0.705078 255 0 0
-93.1766 -20.3337 -80.9766 -0.0955622 0.702661 -0.705078 255 0 0
-93.3127 -20.3608 -80.9766 -0.18646 0.684176 -0.705078 255 0 0
-93.444 -20.4054 -80.9766 -0.274168 0.653985 -0.705078 255 0 0
-93.5685 -20.4668 -80.9766 -0.357185 0.612604 -0.705078 255 0 0
-93.6838 -20.5438 -80.9766 -0.43409 0.560741 -0.705078 255 0 0
-93.7881 -20.6353 -80.9766 -0.503567 0.499284 -0.705078 255 0 0
-93.8796 -20.7396 -80.9766 -0.564429 0.429284 -0.705078 255 0 0
-93.9567 -20.855 -80.9766 -0.615633 0.351938 -0.705078 255 0 0
-94.0181 -20.9794 -80.9766 -0.656303 0.268571 -0.705078 255 0 0
-94.0627 -21.1108 -80.9766 -0.685744 0.180609 -0.705078 255 0 0
-94.0897 -21.2469 -80.9766 -0.703452 0.089556 -0.705078 255 0 0
-94.0988 -21.3853 -80.9766 -0.709123 -0.00302898 -0.705078 255 0 0
-94.0897 -21.5238 -80.9766 -0.702661 -0.0955622 -0.705078 255 0 0
-94.0627 -21.6598 -80.9766 -0.684176 -0.18646 -0.705078 255 0 0
-94.0181 -21.7912 -80.9766 -0.653985 -0.274168 -0.705078 255 0 0
-93.9567 -21.9157 -80.9766 -0.612604 -0.357185 -0.705078 255 0 0
-93.8796 -22.031 -80.9766 -0.560741 -0.43409 -0.705078 255 0 0
-93.7881 -22.1353 -80.9766 -0.499284 -0.503567 -0.705078 255 0 0
-93.6838 -22.2268 -80.9766 -0.429284 -0.564429 -0.705078 255 0 0
-93.5685 -22.3039 -80.9766 -0.351938 -0.615633 -0.705078 255 0 0
-93.444 -22.3652 -80.9766 -0.268571 -0.656303 -0.705078 255 0 0
-93.3127 -22.4098 -80.9766 -0.180609 -0.685744 -0.705078 255 0 0
-93.1766 -22.4369 -80.9766 -0.089556 -0.703452 -0.705078 255 0 0
-93.0381 -22.446 -80.9766 0.00302898 -0.709123 -0.705078 255 0 0
-92.8997 -22.4369 -80.9766 0.0955622 -0.702661 -0.705078 255 0 0
-92.7636 -22.4098 -80.9766 0.18646 -0.684176 -0.705078 255 0 0
-92.6322 -22.3652 -80.9766 0.274168 -0.653985 -0.705078 255 0 0
-92.5078 -22.3039 -80.9766 0.357185 -0.612604 -0.705078 255 0 0
-92.3925 -22.2268 -80.9766 0.43409 -0.560741 -0.705078 255 0 0
-92.2881 -22.1353 -80.9766 0.503567 -0.499284 -0.705078 255 0 0
-92.1967 -22.031 -80.9766 0.564429 -0.429284 -0.705078 255 0 0
-92.1196 -21.9157 -80.9766 0.615633 -0.351938 -0.705078 255 0 0
-92.0582 -21.7912 -80.9766 0.656303 -0.268571 -0.705078 255 0 0
-92.0136 -21.6598 -80.9766 0.685744 -0.180609 -0.705078 255 0 0
-91.9866 -21.5238 -80.9766 0.703452 -0.089556 -0.705078 255 0 0
-92.125 -21.3853 -81.106 0.611711 0.00339841 -0.791074 255 0 0
-92.1328 -21.2661 -81.106 0.606034 0.0832136 -0.791074 255 0 0
-92.1561 -21.149 -81.106 0.589987 0.161605 -0.791074 255 0 0
-92.1945 -21.0359 -81.106 0.563846 0.237231 -0.791074 255 0 0
-92.2473 -20.9288 -81.106 0.528058 0.308798 -0.791074 255 0 0
-92.3137 -20.8294 -81.106 0.483234 0.375082 -0.791074 255 0 0
-92.3925 -20.7396 -81.106 0.430142 0.434948 -0.791074 255 0 0
-92.4823 -20.6609 -81.106 0.36969 0.487371 -0.791074 255 0 0
-92.5816 -20.5945 -81.106 0.302912 0.531456 -0.791074 255 0 0
-92.6887 -20.5417 -81.106 0.230952 0.566447 -0.791074 255 0 0
-92.8018 -20.5033 -81.106 0.15504 0.591747 -0.791074 255 0 0
-92.919 -20.48 -81.106 0.0764749 0.606921 -0.791074 255 0 0
-93.0381 -20.4722 -81.106 -0.00339841 0.611711 -0.791074 255 0 0
-93.1573 -20.48 -81.106 -0.0832136 0.606034 -0.791074 255 0 0
-93.2745 -20.5033 -81.106 -0.161605 0.589987 -0.791074 255 0 0
-93.3876 -20.5417 -81.106 -0.237231 0.563846 -0.791074 255 0 0
-93.4947 -20.5945 -81.106 -0.308798 0.528058 -0.791074 255 0 0
-93.594 -20.6609 -81.106 -0.375082 0.483234 -0.791074 255 0 0
-93.6838 -20.7396 -81.106 -0.434948 0.430142 -0.791074 255 0 0
-93.7626 -20.8294 -81.106 -0.487371 0.36969 -0.791074 255 0 0
-93.8289 -20.9288 -81.106 -0.531456 0.302912 -0.791074 255 0 0
-93.8818 -21.0359 -81.106 -0.566447 0.230952 -0.791074 255 0 0
-93.9202 -21.149 -81.106 -0.591747 0.15504 -0.791074 255 0 0
-93.9435 -21.2661 -81.106 -0.606921 0.0764749 -0.791074 255 0 0
-93.9513 -21.3853 -81.106 -0.611711 -0.00339841 -0.791074 255 0 0
-93.9435 -21.5045 -81.106 -0.606034 -0.0832136 -0.791074 255 0 0
-93.9202 -21.6217 -81.106 -0.589987 -0.161605 -0.791074 255 0 0
-93.8818 -21.7348 -81.106 -0.563846 -0.237231 -0.791074 255 0 0
-93.8289 -21.8419 -81.106 -0.528058 -0.308798 -0.791074 255 0 0
-93.7626 -21.9412 -81.106 -0.483234 -0.375082 -0.791074 255 0 0
-93.6838 -22.031 -81.106 -0.430142 -0.434948 -0.791074 255 0 0
-93.594 -22.1098 -81.106 -0.36969 -0.487371 -0.791074 255 0 0
-93.4947 -22.1761 -81.106 -0.302912 -0.531456 -0.791074 255 0 0
-93.3876 -22.229 -81.106 -0.230952 -0.566447 -0.791074 255 0 0
-93.2745 -22.2674 -81.106 -0.15504 -0.591747 -0.791074 255 0 0
-93.1573 -22.2907 -81.106 -0.0764749 -0.606921 -0.791074 255 0 0
-93.0381 -22.2985 -81.106 0.00339841 -0.611711 -0.791074 255 0 0
-92.919 -22.2907 -81.106 0.0832136 -0.606034 -0.791074 255 0 0
-92.8018 -22.2674 -81.106 0.161605 -0.589987 -0.791074 255 0 0
-92.6887 -22.229 -81.106 0.237231 -0.563846 -0.791074 255 0 0
-92.5816 -22.1761 -81.106 0.308798 -0.528058 -0.791074 255 0 0
-92.4823 -22.1098 -81.106 0.375082 -0.483234 -0.791074 255 0 0
-92.3925 -22.031 -81.106 0.434948 -0.430142 -0.791074 255 0 0
-92.3137 -21.9412 -81.106 0.487371 -0.36969 -0.791074 255 0 0
-92.2473 -21.8419 -81.106 0.531456 -0.302912 -0.791074 255 0 0
-92.1945 -21.7348 -81.106 0.566447 -0.230952 -0.791074 255 0 0
-92.1561 -21.6217 -81.106 0.591747 -0.15504 -0.791074 255 0 0
-92.1328 -21.5045 -81.106 0.606921 -0.0764749 -0.791074 255 0 0
-92.2881 -21.3853 -81.215 0.50428 0.00370969 -0.863532 255 0 0
-92.2946 -21.2874 -81.215 0.499482 0.0694997 -0.863532 255 0 0
-92.3137 -21.1912 -81.215 0.486137 0.134101 -0.863532 255 0 0
-92.3452 -21.0983 -81.215 0.464474 0.196407 -0.863532 255 0 0
-92.3886 -21.0103 -81.215 0.434865 0.255353 -0.863532 255 0 0
-92.4431 -20.9288 -81.215 0.397814 0.309929 -0.863532 255 0 0
-92.5078 -20.855 -81.215 0.353957 0.359203 -0.863532 255 0 0
-92.5816 -20.7903 -81.215 0.304043 0.402331 -0.863532 255 0 0
-92.6631 -20.7358 -81.215 0.248927 0.438574 -0.863532 255 0 0
-92.7511 -20.6924 -81.215 0.189552 0.467314 -0.863532 255 0 0
-92.844 -20.6609 -81.215 0.126934 0.488057 -0.863532 255 0 0
-92.9403 -20.6417 -81.215 0.0621438 0.50045 -0.863532 255 0 0
-93.0381 -20.6353 -81.215 -0.00370969 0.50428 -0.863532 255 0 0
-93.136 -20.6417 -81.215 -0.0694997 0.499482 -0.863532 255 0 0
-93.2323 -20.6609 -81.215 -0.134101 0.486137 -0.863532 255 0 0
-93.3252 -20.6924 -81.215 -0.196407 0.464474 -0.863532 255 0 0
-93.4131 -20.7358 -81.215 -0.255353 0.434865 -0.863532 255 0 0
-93.4947 -20.7903 -81.215 -0.309929 0.397814 -0.863532 255 0 0
-93.5685 -20.855 -81.215 -0.359203 0.353957 -0.863532 255 0 0
-93.6332 -20.9288 -81.215 -0.402331 0.304043 -0.863532 255 0 0
-93.6877 -21.0103 -81.215 -0.438574 0.248927 -0.863532 255 0 0
-93.7311 -21.0983 -81.215 -0.467314 0.189552 -0.863532 255 0 0
-93.7626 -21.1912 -81.215 -0.488057 0.126934 -0.863532 255 0 0
-93.7817 -21.2874 -81.215 -0.50045 0.0621438 -0.863532 255 0 0
-93.7881 -21.3853 -81.215 -0.50428 -0.00370969 -0.863532 255 0 0
-93.7817 -21.4832 -81.215 -0.499482 -0.0694997 -0.863532 255 0 0
-93.7626 -21.5794 -81.215 -0.486137 -0.134101 -0.863532 255 0 0
-93.7311 -21.6723 -81.215 -0.464474 -0.196407 -0.863532 255 0 0
-93.6877 -21.7603 -81.215 -0.434865 -0.255353 -0.863532 255 0 0
-93.6332 -21.8419 -81.215 -0.397814 -0.309929 -0.863532 255 0 0
-93.5685 -21.9157 -81.215 -0.353957 -0.359203 -0.863532 255 0 0
-93.4947 -21.9803 -81.215 -0.304043 -0.402331 -0.863532 255 0 0
-93.4131 -22.0348 -81.215 -0.248927 -0.438574 -0.863532 255 0 0
-93.3252 -22.0782 -81.215 -0.189552 -0.467314 -0.863532 255 0 0
-93.2323 -22.1098 -81.215 -0.126934 -0.488057 -0.863532 255 0 0
-93.136 -22.1289 -81.215 -0.0621438 -0.50045 -0.863532 255 0 0
-93.0381 -22.1353 -81.215 0.00370969 -0.50428 -0.863532 255 0 0
-92.9403 -22.1289 -81.215 0.0694997 -0.499482 -0.863532 255 0 0
-92.844 -22.1098 -81.215 0.134101 -0.486137 -0.863532 255 0 0
-92.7511 -22.0782 -81.215 0.196407 -0.464474 -0.863532 255 0 0
-92.6631 -22.0348 -81.215 0.255353 -0.434865 -0.863532 255 0 0
-92.5816 -21.9803 -81.215 0.309929 -0.397814 -0.863532 255 0 0
-92.5078 -21.9157 -81.215 0.359203 -0.353957 -0.863532 255 0 0
-92.4431 -21.8419 -81.215 0.402331 -0.304043 -0.863532 255 0 0
-92.3886 -21.7603 -81.215 0.438574 -0.248927 -0.863532 255 0 0
-92.3452 -21.6723 -81.215 0.467314 -0.189552 -0.863532 255 0 0
-92.3137 -21.5794 -81.215 0.488057 -0.126934 -0.863532 255 0 0
-92.2946 -21.4832 -81.215 0.50045 -0.0621438 -0.863532 255 0 0
-92.4641 -21.3853 -81.3017 0.38905 0.00395746 -0.921208 255 0 0
-92.469 -21.3104 -81.3017 0.385205 0.0547048 -0.921208 255 0 0
-92.4837 -21.2368 -81.3017 0.374769 0.104516 -0.921208 255 0 0
-92.5078 -21.1657 -81.3017 0.357921 0.152539 -0.921208 255 0 0
-92.541 -21.0983 -81.3017 0.334948 0.197952 -0.921208 255 0 0
-92.5827 -21.0359 -81.3017 0.306245 0.239978 -0.921208 255 0 0
-92.6322 -20.9794 -81.3017 0.272301 0.277898 -0.921208 255 0 0
-92.6887 -20.9299 -81.3017 0.233699 0.311063 -0.921208 255 0 0
-92.7511 -20.8882 -81.3017 0.191098 0.338906 -0.921208 255 0 0
-92.8185 -20.855 -81.3017 0.145227 0.36095 -0.921208 255 0 0
-92.8896 -20.8309 -81.3017 0.0968709 0.376818 -0.921208 255 0 0
-92.9632 -20.8162 -81.3017 0.0468576 0.386238 -0.921208 255 0 0
-93.0381 -20.8113 -81.3017 -0.00395746 0.38905 -0.921208 255 0 0
-93.1131 -20.8162 -81.3017 -0.0547048 0.385205 -0.921208 255 0 0
-93.1867 -20.8309 -81.3017 -0.104516 0.374769 -0.921208 255 0 0
-93.2578 -20.855 -81.3017 -0.152539 0.357921 -0.921208 255 0 0
-93.3252 -20.8882 -81.3017 -0.197952 0.334948 -0.921208 255 0 0
-93.3876 -20.9299 -81.3017 -0.239978 0.306245 -0.921208 255 0 0
-93.444 -20.9794 -81.3017 -0.277898 0.272301 -0.921208 255 0 0
-93.4936 -21.0359 -81.3017 -0.311063 0.233699 -0.921208 255 0 0
-93.5353 -21.0983 -81.3017 -0.338906 0.191098 -0.921208 255 0 0
-93.5685 -21.1657 -81.3017 -0.36095 0.145227 -0.921208 255 0 0
-93.5926 -21.2368 -81.3017 -0.376818 0.0968709 -0.921208 255 0 0
-93.6073 -21.3104 -81.3017 -0.386238 0.0468576 -0.921208 255 0 0
-93.6122 -21.3853 -81.3017 -0.38905 -0.00395746 -0.921208 255 0 0
-93.6073 -21.4603 -81.3017 -0.385205 -0.0547048 -0.921208 255 0 0
-93.5926 -21.5339 -81.3017 -0.374769 -0.104516 -0.921208 255 0 0
-93.5685 -21.605 -81.3017 -0.357921 -0.152539 -0.921208 255 0 0
-93.5353 -21.6723 -81.3017 -0.334948 -0.197952 -0.921208 255 0 0
-93.4936 -21.7348 -81.3017 -0.306245 -0.239978 -0.921208 255 0 0
-93.444 -21.7912 -81.3017 -0.272301 -0.277898 -0.921208 255 0 0
-93.3876 -21.8407 -81.3017 -0.233699 -0.311063 -0.921208 255 0 0
-93.3252 -21.8824 -81.3017 -0.191098 -0.338906 -0.921208 255 0 0
-93.2578 -21.9157 -81.3017 -0.145227 -0.36095 -0.921208 255 0 0
-93.1867 -21.9398 -81.3017 -0.0968709 -0.376818 -0.921208 255 0 0
-93.1131 -21.9544 -81.3017 -0.0468576 -0.386238 -0.921208 255 0 0
-93.0381 -21.9594 -81.3017 0.00395746 -0.38905 -0.921208 255 0 0
-92.9632 -21.9544 -81.3017 0.0547048 -0.385205 -0.921208 255 0 0
-92.8896 -21.9398 -81.3017 0.104516 -0.374769 -0.921208 255 0 0
-92.8185 -21.9157 -81.3017 0.152539 -0.357921 -0.921208 255 0 0
-92.7511 -21.8824 -81.3017 0.197952 -0.334948 -0.921208 255 0 0
-92.6887 -21.8407 -81.3017 0.239978 -0.306245 -0.921208 255 0 0
-92.6322 -21.7912 -81.3017 0.277898 -0.272301 -0.921208 255 0 0
-92.5827 -21.7348 -81.3017 0.311063 -0.233699 -0.921208 255 0 0
-92.541 -21.6723 -81.3017 0.338906 -0.191098 -0.921208 255 0 0
-92.5078 -21.605 -81.3017 0.36095 -0.145227 -0.921208 255 0 0
-92.4837 -21.5339 -81.3017 0.376818 -0.0968709 -0.921208 255 0 0
-92.469 -21.4603 -81.3017 0.386238 -0.0468576 -0.921208 255 0 0
-92.6499 -21.3853 -81.3648 0.269111 0.00413743 -0.9631 255 0 0
-92.6532 -21.3347 -81.3648 0.266269 0.0392281 -0.9631 255 0 0
-92.6631 -21.2848 -81.3648 0.25887 0.0736475 -0.9631 255 0 0
-92.6795 -21.2368 -81.3648 0.247043 0.106807 -0.9631 255 0 0
-92.7019 -21.1912 -81.3648 0.230988 0.138139 -0.9631 255 0 0
-92.7301 -21.149 -81.3648 0.210981 0.167107 -0.9631 255 0 0
-92.7636 -21.1108 -81.3648 0.187365 0.193216 -0.9631 255 0 0
-92.8018 -21.0773 -81.3648 0.160542 0.216019 -0.9631 255 0 0
-92.844 -21.0491 -81.3648 0.130972 0.235126 -0.9631 255 0 0
-92.8896 -21.0267 -81.3648 0.0991618 0.250209 -0.9631 255 0 0
-92.9377 -21.0103 -81.3648 0.0656546 0.261012 -0.9631 255 0 0
-92.9875 -21.0004 -81.3648 0.031024 0.267349 -0.9631 255 0 0
-93.0381 -20.9971 -81.3648 -0.00413743 0.269111 -0.9631 255 0 0
-93.0888 -21.0004 -81.3648 -0.0392281 0.266269 -0.9631 255 0 0
-93.1386 -21.0103 -81.3648 -0.0736475 0.25887 -0.9631 255 0 0
-93.1867 -21.0267 -81.3648 -0.106807 0.247043 -0.9631 255 0 0
-93.2323 -21.0491 -81.3648 -0.138139 0.230988 -0.9631 255 0 0
-93.2745 -21.0773 -81.3648 -0.167107 0.210981 -0.9631 255 0 0
-93.3127 -21.1108 -81.3648 -0.193216 0.187365 -0.9631 255 0 0
-93.3461 -21.149 -81.3648 -0.216019 0.160542 -0.9631 255 0 0
-93.3744 -21.1912 -81.3648 -0.235126 0.130972 -0.9631 255 0 0
-93.3968 -21.2368 -81.3648 -0.250209 0.0991618 -0.9631 255 0 0
-93.4131 -21.2848 -81.3648 -0.261012 0.0656546 -0.9631 255 0 0
-93.4231 -21.3347 -81.3648 -0.267349 0.031024 -0.9631 255 0 0
-93.4264 -21.3853 -81.3648 -0.269111 -0.00413743 -0.9631 255 0 0
-93.4231 -21.436 -81.3648 -0.266269 -0.0392281 -0.9631 255 0 0
-93.4131 -21.4858 -81.3648 -0.25887 -0.0736475 -0.9631 255 0 0
-93.3968 -21.5339 -81.3648 -0.247043 -0.106807 -0.9631 255 0 0
-93.3744 -21.5794 -81.3648 -0.230988 -0.138139 -0.9631 255 0 0
-93.3461 -21.6217 -81.3648 -0.210981 -0.167107 -0.9631 255 0 0
-93.3127 -21.6598 -81.3648 -0.187365 -0.193216 -0.9631 255 0 0
-93.2745 -21.6933 -81.3648 -0.160542 -0.216019 -0.9631 255 0 0
-93.2323 -21.7215 -81.3648 -0.130972 -0.235126 -0.9631 255 0 0
-93.1867 -21.744 -81.3648 -0.0991618 -0.250209 -0.9631 255 0 0
-93.1386 -21.7603 -81.3648 -0.0656546 -0.261012 -0.9631 255 0 0
-93.0888 -21.7702 -81.3648 -0.031024 -0.267349 -0.9631 255 0 0
-93.0381 -21.7736 -81.3648 0.00413743 -0.269111 -0.9631 255 0 0
-92.9875 -21.7702 -81.3648 0.0392281 -0.266269 -0.9631 255 0 0
-92.9377 -21.7603 -81.3648 0.0736475 -0.25887 -0.9631 255 0 0
-92.8896 -21.744 -81.3648 0.106807 -0.247043 -0.9631 255 0 0
-92.844 -21.7215 -81.3648 0.138139 -0.230988 -0.9631 255 0 0
-92.8018 -21.6933 -81.3648 0.167107 -0.210981 -0.9631 255 0 0
-92.7636 -21.6598 -81.3648 0.193216 -0.187365 -0.9631 255 0 0
-92.7301 -21.6217 -81.3648 0.216019 -0.160542 -0.9631 255 0 0
-92.7019 -21.5794 -81.3648 0.235126 -0.130972 -0.9631 255 0 0
-92.6795 -21.5339 -81.3648 0.250209 -0.0991618 -0.9631 255 0 0
-92.6631 -21.4858 -81.3648 0.261012 -0.0656546 -0.9631 255 0 0
-92.6532 -21.436 -81.3648 0.267349 -0.031024 -0.9631 255 0 0
-92.8424 -21.3853 -81.4031 0.152026 0.00424597 -0.988367 255 0 0
-92.844 -21.3598 -81.4031 0.150171 0.024053 -0.988367 255 0 0
-92.849 -21.3347 -81.4031 0.145747 0.0434485 -0.988367 255 0 0
-92.8573 -21.3104 -81.4031 0.138829 0.0621006 -0.988367 255 0 0
-92.8686 -21.2874 -81.4031 0.129535 0.0796901 -0.988367 255 0 0
-92.8828 -21.2661 -81.4031 0.118026 0.0959161 -0.988367 255 0 0
-92.8997 -21.2469 -81.4031 0.104496 0.110501 -0.988367 255 0 0
-92.919 -21.23 -81.4031 0.089179 0.123195 -0.988367 255 0 0
-92.9403 -21.2158 -81.4031 0.0723359 0.133781 -0.988367 255 0 0
-92.9632 -21.2044 -81.4031 0.0542551 0.142079 -0.988367 255 0 0
-92.9875 -21.1962 -81.4031 0.0352459 0.147945 -0.988367 255 0 0
-93.0126 -21.1912 -81.4031 0.0156337 0.15128 -0.988367 255 0 0
-93.0381 -21.1895 -81.4031 -0.00424597 0.152026 -0.988367 255 0 0
-93.0637 -21.1912 -81.4031 -0.024053 0.150171 -0.988367 255 0 0
-93.0888 -21.1962 -81.4031 -0.0434485 0.145747 -0.988367 255 0 0
-93.1131 -21.2044 -81.4031 -0.0621006 0.138829 -0.988367 255 0 0
-93.136 -21.2158 -81.4031 -0.0796901 0.129535 -0.988367 255 0 0
-93.1573 -21.23 -81.4031 -0.0959161 0.118026 -0.988367 255 0 0
-93.1766 -21.2469 -81.4031 -0.110501 0.104496 -0.988367 255 0 0
-93.1935 -21.2661 -81.4031 -0.123195 0.089179 -0.988367 255 0 0
-93.2077 -21.2874 -81.4031 -0.133781 0.0723359 -0.988367 255 0 0
-93.219 -21.3104 -81.4031 -0.142079 0.0542551 -0.988367 255 0 0
-93.2273 -21.3347 -81.4031 -0.147945 0.0352459 -0.988367 255 0 0
-93.2323 -21.3598 -81.4031 -0.15128 0.0156337 -0.988367 255 0 0
-93.2339 -21.3853 -81.4031 -0.152026 -0.00424597 -0.988367 255 0 0
-93.2323 -21.4109 -81.4031 -0.150171 -0.024053 -0.988367 255 0 0
-93.2273 -21.436 -81.4031 -0.145747 -0.0434485 -0.988367 255 0 0
-93.219 -21.4603 -81.4031 -0.138829 -0.0621006 -0.988367 255 0 0
-93.2077 -21.4832 -81.4031 -0.129535 -0.0796901 -0.988367 255 0 0
-93.1935 -21.5045 -81.4031 -0.118026 -0.0959161 -0.988367 255 0 0
-93.1766 -21.5238 -81.4031 -0.104496 -0.110501 -0.988367 255 0 0
-93.1573 -21.5407 -81.4031 -0.089179 -0.123195 -0.988367 255 0 0
-93.136 -21.5549 -81.4031 -0.0723359 -0.133781 -0.988367 255 0 0
-93.1131 -21.5662 -81.4031 -0.0542551 -0.142079 -0.988367 255 0 0
-93.0888 -21.5744 -81.4031 -0.0352459 -0.147945 -0.988367 255 0 0
-93.0637 -21.5794 -81.4031 -0.0156337 -0.15128 -0.988367 255 0 0
-93.0381 -21.5811 -81.4031 0.00424597 -0.152026 -0.988367 255 0 0
-93.0126 -21.5794 -81.4031 0.024053 -0.150171 -0.988367 255 0 0
-92.9875 -21.5744 -81.4031 0.0434485 -0.145747 -0.988367 255 0 0
-92.9632 -21.5662 -81.4031 0.0621006 -0.138829 -0.988367 255 0 0
-92.9403 -21.5549 -81.4031 0.0796901 -0.129535 -0.988367 255 0 0
-92.919 -21.5407 -81.4031 0.0959161 -0.118026 -0.988367 255 0 0
-92.8997 -21.5238 -81.4031 0.110501 -0.104496 -0.988367 255 0 0
-92.8828 -21.5045 -81.4031 0.123195 -0.089179 -0.988367 255 0 0
-92.8686 -21.4832 -81.4031 0.133781 -0.0723359 -0.988367 255 0 0
-92.8573 -21.4603 -81.4031 0.142079 -0.0542551 -0.988367 255 0 0
-92.849 -21.436 -81.4031 0.147945 -0.0352459 -0.988367 255 0 0
-92.844 -21.4109 -81.4031 0.15128 -0.0156337 -0.988367 255 0 0
-120.325 -19.6881 -4.12145 7.83738e-19 -7.05364e-19 1 0 51 255
-120.325 -19.6881 -7.72145 -3.13495e-19 3.03699e-18 -1 0 51 255
-120.09 -19.6881 -4.13685 0.152026 -0.00424597 0.988367 0 51 255
-120.092 -19.6574 -4.13685 0.15128 0.0156337 0.988367 0 51 255
-120.098 -19.6273 -4.13685 0.147945 0.0352459 0.988367 0 51 255
-120.108 -19.5982 -4.13685 0.142079 0.0542551 0.988367 0 51 255
-120.121 -19.5706 -4.13685 0.133781 0.0723359 0.988367 0 51 255
-120.138 -19.5451 -4.13685 0.123195 0.089179 0.988367 0 51 255
-120.159 -19.522 -4.13685 0.110501 0.104496 0.988367 0 51 255
-120.182 -19.5017 -4.13685 0.0959161 0.118026 0.988367 0 51 255
-120.207 -19.4846 -4.13685 0.0796901 0.129535 0.988367 0 51 255
-120.235 -19.471 -4.13685 0.0621006 0.138829 0.988367 0 51 255
-120.264 -19.4612 -4.13685 0.0434485 0.145747 0.988367 0 51 255
-120.294 -19.4552 -4.13685 0.024053 0.150171 0.988367 0 51 255
-120.325 -19.4531 -4.13685 0.00424597 0.152026 0.988367 0 51 255
-120.356 -19.4552 -4.13685 -0.0156337 0.15128 0.988367 0 51 255
-120.386 -19.4612 -4.13685 -0.0352459 0.147945 0.988367 0 51 255
-120.415 -19.471 -4.13685 -0.0542551 0.142079 0.988367 0 51 255
-120.442 -19.4846 -4.13685 -0.0723359 0.133781 0.988367 0 51 255
-120.468 -19.5017 -4.13685 -0.089179 0.123195 0.988367 0 51 255
-120.491 -19.522 -4.13685 -0.104496 0.110501 0.988367 0 51 255
-120.511 -19.5451 -4.13685 -0.118026 0.0959161 0.988367 0 51 255
-120.528 -19.5706 -4.13685 -0.129535 0.0796901 0.988367 0 51 255
-120.542 -19.5982 -4.13685 -0.138829 0.0621006 0.988367 0 51 255
-120.552 -19.6273 -4.13685 -0.145747 0.0434485 0.988367 0 51 255
-120.558 -19.6574 -4.13685 -0.150171 0.024053 0.988367 0 51 255
-120.56 -19.6881 -4.13685 -0.152026 0.00424597 0.988367 0 51 255
-120.558 -19.7188 -4.13685 -0.15128 -0.0156337 0.988367 0 51 255
-120.552 -19.7489 -4.13685 -0.147945 -0.0352459 0.988367 0 51 255
-120.542 -19.778 -4.13685 -0.142079 -0.0542551 0.988367 0 51 255
-120.528 -19.8056 -4.13685 -0.133781 -0.0723359 0.988367 0 51 255
-120.511 -19.8311 -4.13685 -0.123195 -0.089179 0.988367 0 51 255
-120.491 -19.8542 -4.13685 -0.110501 -0.104496 0.988367 0 51 255
-120.468 -19.8745 -4.13685 -0.0959161 -0.118026 0.988367 0 51 255
-120.442 -19.8916 -4.13685 -0.0796901 -0.129535 0.988367 0 51 255
-120.415 -19.9052 -4.13685 -0.0621006 -0.138829 0.988367 0 51 255
-120.386 -19.915 -4.13685 -0.0434485 -0.145747 0.988367 0 51 255
-120.356 -19.921 -4.13685 -0.024053 -0.150171 0.988367 0 51 255
-120.325 -19.923 -4.13685 -0.00424597 -0.152026 0.988367 0 51 255
-120.294 -19.921 -4.13685 0.0156337 -0.15128 0.988367 0 51 255
-120.264 -19.915 -4.13685 0.0352459 -0.147945 0.988367 0 51 255
-120.235 -19.9052 -4.13685 0.0542551 -0.142079 0.988367 0 51 255
-120.207 -19.8916 -4.13685 0.0723359 -0.133781 0.988367 0 51 255
-120.182 -19.8745 -4.13685 0.089179 -0.123195 0.988367 0 51 255
-120.159 -19.8542 -4.13685 0.104496 -0.110501 0.988367 0 51 255
-120.138 -19.8311 -4.13685 0.118026 -0.0959161 0.988367 0 51 255
-120.121 -19.8056 -4.13685 0.129535 -0.0796901 0.988367 0 51 255
-120.108 -19.778 -4.13685 0.138829 -0.0621006 0.988367 0 51 255
-120.098 -19.7489 -4.13685 0.145747 -0.0434485 0.988367 0 51 255
-120.092 -19.7188 -4.13685 0.150171 -0.024053 0.988367 0 51 255
-119.859 -19.6881 -4.18278 0.269111 -0.00413743 0.9631 0 51 255
-119.863 -19.6273 -4.18278 0.267349 0.031024 0.9631 0 51 255
-119.875 -19.5675 -4.18278 0.261012 0.0656546 0.9631 0 51 255
-119.894 -19.5098 -4.18278 0.250209 0.0991618 0.9631 0 51 255
-119.921 -19.4552 -4.18278 0.235126 0.130972 0.9631 0 51 255
-119.955 -19.4045 -4.18278 0.216019 0.160542 0.9631 0 51 255
-119.995 -19.3587 -4.18278 0.193216 0.187365 0.9631 0 51 255
-120.041 -19.3185 -4.18278 0.167107 0.210981 0.9631 0 51 255
-120.092 -19.2846 -4.18278 0.138139 0.230988 0.9631 0 51 255
-120.147 -19.2577 -4.18278 0.106807 0.247043 0.9631 0 51 255
-120.204 -19.2381 -4.18278 0.0736475 0.25887 0.9631 0 51 255
-120.264 -19.2262 -4.18278 0.0392281 0.266269 0.9631 0 51 255
-120.325 -19.2222 -4.18278 0.00413743 0.269111 0.9631 0 51 255
-120.386 -19.2262 -4.18278 -0.031024 0.267349 0.9631 0 51 255
-120.445 -19.2381 -4.18278 -0.0656546 0.261012 0.9631 0 51 255
-120.503 -19.2577 -4.18278 -0.0991618 0.250209 0.9631 0 51 255
-120.558 -19.2846 -4.18278 -0.130972 0.235126 0.9631 0 51 255
-120.608 -19.3185 -4.18278 -0.160542 0.216019 0.9631 0 51 255
-120.654 -19.3587 -4.18278 -0.187365 0.193216 0.9631 0 51 255
-120.694 -19.4045 -4.18278 -0.210981 0.167107 0.9631 0 51 255
-120.728 -19.4552 -4.18278 -0.230988 0.138139 0.9631 0 51 255
-120.755 -19.5098 -4.18278 -0.247043 0.106807 0.9631 0 51 255
-120.775 -19.5675 -4.18278 -0.25887 0.0736475 0.9631 0 51 255
-120.787 -19.6273 -4.18278 -0.266269 0.0392281 0.9631 0 51 255
-120.791 -19.6881 -4.18278 -0.269111 0.00413743 0.9631 0 51 255
-120.787 -19.7489 -4.18278 -0.267349 -0.031024 0.9631 0 51 255
-120.775 -19.8087 -4.18278 -0.261012 -0.0656546 0.9631 0 51 255
-120.755 -19.8664 -4.18278 -0.250209 -0.0991618 0.9631 0 51 255
-120.728 -19.921 -4.18278 -0.235126 -0.130972 0.9631 0 51 255
-120.694 -19.9717 -4.18278 -0.216019 -0.160542 0.9631 0 51 255
-120.654 -20.0175 -4.18278 -0.193216 -0.187365 0.9631 0 51 255
-120.608 -20.0577 -4.18278 -0.167107 -0.210981 0.9631 0 51 255
-120.558 -20.0916 -4.18278 -0.138139 -0.230988 0.9631 0 51 255
-120.503 -20.1185 -4.18278 -0.106807 -0.247043 0.9631 0 51 255
-120.445 -20.1381 -4.18278 -0.0736475 -0.25887 0.9631 0 51 255
-120.386 -20.15 -4.18278 -0.0392281 -0.266269 0.9631 0 51 255
-120.325 -20.154 -4.18278 -0.00413743 -0.269111 0.9631 0 51 255
-120.264 -20.15 -4.18278 0.031024 -0.267349 0.9631 0 51 255
-120.204 -20.1381 -4.18278 0.0656546 -0.261012 0.9631 0 51 255
-120.147 -20.1185 -4.18278 0.0991618 -0.250209 0.9631 0 51 255
-120.092 -20.0916 -4.18278 0.130972 -0.235126 0.9631 0 51 255
-120.041 -20.0577 -4.18278 0.160542 -0.216019 0.9631 0 51 255
-119.995 -20.0175 -4.18278 0.187365 -0.193216 0.9631 0 51 255
-119.955 -19.9717 -4.18278 0.210981 -0.167107 0.9631 0 51 255
-119.921 -19.921 -4.18278 0.230988 -0.138139 0.9631 0 51 255
-119.894 -19.8664 -4.18278 0.247043 -0.106807 0.9631 0 51 255
-119.875 -19.8087 -4.18278 0.25887 -0.0736475 0.9631 0 51 255
-119.863 -19.7489 -4.18278 0.266269 -0.0392281 0.9631 0 51 255
-119.636 -19.6881 -4.25847 0.38905 -0.00395746 0.921208 0 51 255
-119.642 -19.5982 -4.25847 0.386238 0.0468576 0.921208 0 51 255
-119.66 -19.5098 -4.25847 0.376818 0.0968709 0.921208 0 51 255
-119.688 -19.4245 -4.25847 0.36095 0.145227 0.921208 0 51 255
-119.728 -19.3437 -4.25847 0.338906 0.191098 0.921208 0 51 255
-119.778 -19.2688 -4.25847 0.311063 0.233699 0.921208 0 51 255
-119.838 -19.201 -4.25847 0.277898 0.272301 0.921208 0 51 255
-119.906 -19.1416 -4.25847 0.239978 0.306245 0.921208 0 51 255
-119.98 -19.0916 -4.25847 0.197952 0.334948 0.921208 0 51 255
-120.061 -19.0517 -4.25847 0.152539 0.357921 0.921208 0 51 255
-120.147 -19.0227 -4.25847 0.104516 0.374769 0.921208 0 51 255
-120.235 -19.0052 -4.25847 0.0547048 0.385205 0.921208 0 51 255
-120.325 -18.9993 -4.25847 0.00395746 0.38905 0.921208 0 51 255
-120.415 -19.0052 -4.25847 -0.0468576 0.386238 0.921208 0 51 255
-120.503 -19.0227 -4.25847 -0.0968709 0.376818 0.921208 0 51 255
-120.588 -19.0517 -4.25847 -0.145227 0.36095 0.921208 0 51 255
-120.669 -19.0916 -4.25847 -0.191098 0.338906 0.921208 0 51 255
-120.744 -19.1416 -4.25847 -0.233699 0.311063 0.921208 0 51 255
-120.812 -19.201 -4.25847 -0.272301 0.277898 0.921208 0 51 255
-120.871 -19.2688 -4.25847 -0.306245 0.239978 0.921208 0 51 255
-120.921 -19.3437 -4.25847 -0.334948 0.197952 0.921208 0 51 255
-120.961 -19.4245 -4.25847 -0.357921 0.152539 0.921208 0 51 255
-120.99 -19.5098 -4.25847 -0.374769 0.104516 0.921208 0 51 255
-121.008 -19.5982 -4.25847 -0.385205 0.0547048 0.921208 0 51 255
-121.014 -19.6881 -4.25847 -0.38905 0.00395746 0.921208 0 51 255
-121.008 -19.778 -4.25847 -0.386238 -0.0468576 0.921208 0 51 255
-120.99 -19.8664 -4.25847 -0.376818 -0.0968709 0.921208 0 51 255
-120.961 -19.9517 -4.25847 -0.36095 -0.145227 0.921208 0 51 255
-120.921 -20.0325 -4.25847 -0.338906 -0.191098 0.921208 0 51 255
-120.871 -20.1074 -4.25847 -0.311063 -0.233699 0.921208 0 51 255
-120.812 -20.1752 -4.25847 -0.277898 -0.272301 0.921208 0 51 255
-120.744 -20.2346 -4.25847 -0.239978 -0.306245 0.921208 0 51 255
-120.669 -20.2846 -4.25847 -0.197952 -0.334948 0.921208 0 51 255
-120.588 -20.3245 -4.25847 -0.152539 -0.357921 0.921208 0 51 255
-120.503 -20.3535 -4.25847 -0.104516 -0.374769 0.921208 0 51 255
-120.415 -20.371 -4.25847 -0.0547048 -0.385205 0.921208 0 51 255
-120.325 -20.3769 -4.25847 -0.00395746 -0.38905 0.921208 0 51 255
-120.235 -20.371 -4.25847 0.0468576 -0.386238 0.921208 0 51 255
-120.147 -20.3535 -4.25847 0.0968709 -0.376818 0.921208 0 51 255
-120.061 -20.3245 -4.25847 0.145227 -0.36095 0.921208 0 51 255
-119.98 -20.2846 -4.25847 0.191098 -0.338906 0.921208 0 51 255
-119.906 -20.2346 -4.25847 0.233699 -0.311063 0.921208 0 51 255
-119.838 -20.1752 -4.25847 0.272301 -0.277898 0.921208 0 51 255
-119.778 -20.1074 -4.25847 0.306245 -0.239978 0.921208 0 51 255
-119.728 -20.0325 -4.25847 0.334948 -0.197952 0.921208 0 51 255
-119.688 -19.9517 -4.25847 0.357921 -0.152539 0.921208 0 51 255
-119.66 -19.8664 -4.25847 0.374769 -0.104516 0.921208 0 51 255
-119.642 -19.778 -4.25847 0.385205 -0.0547048 0.921208 0 51 255
-119.425 -19.6881 -4.36261 0.50428 -0.00370969 0.863532 0 51 255
-119.433 -19.5706 -4.36261 0.50045 0.0621438 0.863532 0 51 255
-119.456 -19.4552 -4.36261 0.488057 0.126934 0.863532 0 51 255
-119.493 -19.3437 -4.36261 0.467314 0.189552 0.863532 0 51 255
-119.545 -19.2381 -4.36261 0.438574 0.248927 0.863532 0 51 255
-119.611 -19.1402 -4.36261 0.402331 0.304043 0.863532 0 51 255
-119.688 -19.0517 -4.36261 0.359203 0.353957 0.863532 0 51 255
-119.777 -18.9741 -4.36261 0.309929 0.397814 0.863532 0 51 255
-119.875 -18.9087 -4.36261 0.255353 0.434865 0.863532 0 51 255
-119.98 -18.8566 -4.36261 0.196407 0.464474 0.863532 0 51 255
-120.092 -18.8188 -4.36261 0.134101 0.486137 0.863532 0 51 255
-120.207 -18.7958 -4.36261 0.0694997 0.499482 0.863532 0 51 255
-120.325 -18.7881 -4.36261 0.00370969 0.50428 0.863532 0 51 255
-120.442 -18.7958 -4.36261 -0.0621438 0.50045 0.863532 0 51 255
-120.558 -18.8188 -4.36261 -0.126934 0.488057 0.863532 0 51 255
-120.669 -18.8566 -4.36261 -0.189552 0.467314 0.863532 0 51 255
-120.775 -18.9087 -4.36261 -0.248927 0.438574 0.863532 0 51 255
-120.873 -18.9741 -4.36261 -0.304043 0.402331 0.863532 0 51 255
-120.961 -19.0517 -4.36261 -0.353957 0.359203 0.863532 0 51 255
-121.039 -19.1402 -4.36261 -0.397814 0.309929 0.863532 0 51 255
-121.104 -19.2381 -4.36261 -0.434865 0.255353 0.863532 0 51 255
-121.156 -19.3437 -4.36261 -0.464474 0.196407 0.863532 0 51 255
-121.194 -19.4552 -4.36261 -0.486137 0.134101 0.863532 0 51 255
-121.217 -19.5706 -4.36261 -0.499482 0.0694997 0.863532 0 51 255
-121.225 -19.6881 -4.36261 -0.50428 0.00370969 0.863532 0 51 255
-121.217 -19.8056 -4.36261 -0.50045 -0.0621438 0.863532 0 51 255
-121.194 -19.921 -4.36261 -0.488057 -0.126934 0.863532 0 51 255
-121.156 -20.0325 -4.36261 -0.467314 -0.189552 0.863532 0 51 255
-121.104 -20.1381 -4.36261 -0.438574 -0.248927 0.863532 0 51 255
-121.039 -20.236 -4.36261 -0.402331 -0.304043 0.863532 0 51 255
-120.961 -20.3245 -4.36261 -0.359203 -0.353957 0.863532 0 51 255
-120.873 -20.4021 -4.36261 -0.309929 -0.397814 0.863532 0 51 255
-120.775 -20.4675 -4.36261 -0.255353 -0.434865 0.863532 0 51 255
-120.669 -20.5196 -4.36261 -0.196407 -0.464474 0.863532 0 51 255
-120.558 -20.5574 -4.36261 -0.134101 -0.486137 0.863532 0 51 255
-120.442 -20.5804 -4.36261 -0.0694997 -0.499482 0.863532 0 51 255
-120.325 -20.5881 -4.36261 -0.00370969 -0.50428 0.863532 0 51 255
-120.207 -20.5804 -4.36261 0.0621438 -0.50045 0.863532 0 51 255
-120.092 -20.5574 -4.36261 0.126934 -0.488057 0.863532 0 51 255
-119.98 -20.5196 -4.36261 0.189552 -0.467314 0.863532 0 51 255
-119.875 -20.4675 -4.36261 0.248927 -0.438574 0.863532 0 51 255
-119.777 -20.4021 -4.36261 0.304043 -0.402331 0.863532 0 51 255
-119.688 -20.3245 -4.36261 0.353957 -0.359203 0.863532 0 51 255
-119.611 -20.236 -4.36261 0.397814 -0.309929 0.863532 0 51 255
-119.545 -20.1381 -4.36261 0.434865 -0.255353 0.863532 0 51 255
-119.493 -20.0325 -4.36261 0.464474 -0.196407 0.863532 0 51 255
-119.456 -19.921 -4.36261 0.486137 -0.134101 0.863532 0 51 255
-119.433 -19.8056 -4.36261 0.499482 -0.0694997 0.863532 0 51 255
-119.229 -19.6881 -4.49342 0.611711 -0.00339841 0.791074 0 51 255
-119.238 -19.5451 -4.49342 0.606921 0.0764749 0.791074 0 51 255
-119.266 -19.4045 -4.49342 0.591747 0.15504 0.791074 0 51 255
-119.313 -19.2688 -4.49342 0.566447 0.230952 0.791074 0 51 255
-119.376 -19.1402 -4.49342 0.531456 0.302912 0.791074 0 51 255
-119.456 -19.021 -4.49342 0.487371 0.36969 0.791074 0 51 255
-119.55 -18.9133 -4.49342 0.434948 0.430142 0.791074 0 51 255
-119.658 -18.8188 -4.49342 0.375082 0.483234 0.791074 0 51 255
-119.777 -18.7391 -4.49342 0.308798 0.528058 0.791074 0 51 255
-119.906 -18.6757 -4.49342 0.237231 0.563846 0.791074 0 51 255
-120.041 -18.6297 -4.49342 0.161605 0.589987 0.791074 0 51 255
-120.182 -18.6017 -4.49342 0.0832136 0.606034 0.791074 0 51 255
-120.325 -18.5923 -4.49342 0.00339841 0.611711 0.791074 0 51 255
-120.468 -18.6017 -4.49342 -0.0764749 0.606921 0.791074 0 51 255
-120.608 -18.6297 -4.49342 -0.15504 0.591747 0.791074 0 51 255
-120.744 -18.6757 -4.49342 -0.230952 0.566447 0.791074 0 51 255
-120.873 -18.7391 -4.49342 -0.302912 0.531456 0.791074 0 51 255
-120.992 -18.8188 -4.49342 -0.36969 0.487371 0.791074 0 51 255
-121.1 -18.9133 -4.49342 -0.430142 0.434948 0.791074 0 51 255
-121.194 -19.021 -4.49342 -0.483234 0.375082 0.791074 0 51 255
-121.274 -19.1402 -4.49342 -0.528058 0.308798 0.791074 0 51 255
-121.337 -19.2688 -4.49342 -0.563846 0.237231 0.791074 0 51 255
-121.383 -19.4045 -4.49342 -0.589987 0.161605 0.791074 0 51 255
-121.411 -19.5451 -4.49342 -0.606034 0.0832136 0.791074 0 51 255
-121.421 -19.6881 -4.49342 -0.611711 0.00339841 0.791074 0 51 255
-121.411 -19.8311 -4.49342 -0.606921 -0.0764749 0.791074 0 51 255
-121.383 -19.9717 -4.49342 -0.591747 -0.15504 0.791074 0 51 255
-121.337 -20.1074 -4.49342 -0.566447 -0.230952 0.791074 0 51 255
-121.274 -20.236 -4.49342 -0.531456 -0.302912 0.791074 0 51 255
-121.194 -20.3552 -4.49342 -0.487371 -0.36969 0.791074 0 51 255
-121.1 -20.4629 -4.49342 -0.434948 -0.430142 0.791074 0 51 255
-120.992 -20.5574 -4.49342 -0.375082 -0.483234 0.791074 0 51 255
-120.873 -20.6371 -4.49342 -0.308798 -0.528058 0.791074 0 51 255
-120.744 -20.7005 -4.49342 -0.237231 -0.563846 0.791074 0 51 255
-120.608 -20.7465 -4.49342 -0.161605 -0.589987 0.791074 0 51 255
-120.468 -20.7745 -4.49342 -0.0832136 -0.606034 0.791074 0 51 255
-120.325 -20.7839 -4.49342 -0.00339841 -0.611711 0.791074 0 51 255
-120.182 -20.7745 -4.49342 0.0764749 -0.606921 0.791074 0 51 255
-120.041 -20.7465 -4.49342 0.15504 -0.591747 0.791074 0 51 255
-119.906 -20.7005 -4.49342 0.230952 -0.566447 0.791074 0 51 255
-119.777 -20.6371 -4.49342 0.302912 -0.531456 0.791074 0 51 255
-119.658 -20.5574 -4.49342 0.36969 -0.487371 0.791074 0 51 255
-119.55 -20.4629 -4.49342 0.430142 -0.434948 0.791074 0 51 255
-119.456 -20.3552 -4.49342 0.483234 -0.375082 0.791074 0 51 255
-119.376 -20.236 -4.49342 0.528058 -0.308798 0.791074 0 51 255
-119.313 -20.1074 -4.49342 0.563846 -0.237231 0.791074 0 51 255
-119.266 -19.9717 -4.49342 0.589987 -0.161605 0.791074 0 51 255
-119.238 -19.8311 -4.49342 0.606034 -0.0832136 0.791074 0 51 255
-119.052 -19.6881 -4.64866 0.709123 -0.00302898 0.705078 0 51 255
-119.063 -19.522 -4.64866 0.703452 0.089556 0.705078 0 51 255
-119.095 -19.3587 -4.64866 0.685744 0.180609 0.705078 0 51 255
-119.149 -19.201 -4.64866 0.656303 0.268571 0.705078 0 51 255
-119.223 -19.0517 -4.64866 0.615633 0.351938 0.705078 0 51 255
-119.315 -18.9133 -4.64866 0.564429 0.429284 0.705078 0 51 255
-119.425 -18.7881 -4.64866 0.503567 0.499284 0.705078 0 51 255
-119.55 -18.6783 -4.64866 0.43409 0.560741 0.705078 0 51 255
-119.688 -18.5858 -4.64866 0.357185 0.612604 0.705078 0 51 255
-119.838 -18.5122 -4.64866 0.274168 0.653985 0.705078 0 51 255
-119.995 -18.4587 -4.64866 0.18646 0.684176 0.705078 0 51 255
-120.159 -18.4262 -4.64866 0.0955622 0.702661 0.705078 0 51 255
-120.325 -18.4153 -4.64866 0.00302898 0.709123 0.705078 0 51 255
-120.491 -18.4262 -4.64866 -0.089556 0.703452 0.705078 0 51 255
-120.654 -18.4587 -4.64866 -0.180609 0.685744 0.705078 0 51 255
-120.812 -18.5122 -4.64866 -0.268571 0.656303 0.705078 0 51 255
-120.961 -18.5858 -4.64866 -0.351938 0.615633 0.705078 0 51 255
-121.1 -18.6783 -4.64866 -0.429284 0.564429 0.705078 0 51 255
-121.225 -18.7881 -4.64866 -0.499284 0.503567 0.705078 0 51 255
-121.335 -18.9133 -4.64866 -0.560741 0.43409 0.705078 0 51 255
-121.427 -19.0517 -4.64866 -0.612604 0.357185 0.705078 0 51 255
-121.501 -19.201 -4.64866 -0.653985 0.274168 0.705078 0 51 255
-121.554 -19.3587 -4.64866 -0.684176 0.18646 0.705078 0 51 255
-121.587 -19.522 -4.64866 -0.702661 0.0955622 0.705078 0 51 255
-121.598 -19.6881 -4.64866 -0.709123 0.00302898 0.705078 0 51 255
-121.587 -19.8542 -4.64866 -0.703452 -0.089556 0.705078 0 51 255
-121.554 -20.0175 -4.64866 -0.685744 -0.180609 0.705078 0 51 255
-121.501 -20.1752 -4.64866 -0.656303 -0.268571 0.705078 0 51 255
-121.427 -20.3245 -4.64866 -0.615633 -0.351938 0.705078 0 51 255
-121.335 -20.4629 -4.64866 -0.564429 -0.429284 0.705078 0 51 255
-121.225 -20.5881 -4.64866 -0.503567 -0.499284 0.705078 0 51 255
-121.1 -20.6979 -4.64866 -0.43409 -0.560741 0.705078 0 51 255
-120.961 -20.7904 -4.64866 -0.357185 -0.612604 0.705078 0 51 255
-120.812 -20.864 -4.64866 -0.274168 -0.653985 0.705078 0 51 255
-120.654 -20.9175 -4.64866 -0.18646 -0.684176 0.705078 0 51 255
-120.491 -20.95 -4.64866 -0.0955622 -0.702661 0.705078 0 51 255
-120.325 -20.9609 -4.64866 -0.00302898 -0.709123 0.705078 0 51 255
-120.159 -20.95 -4.64866 0.089556 -0.703452 0.705078 0 51 255
-119.995 -20.9175 -4.64866 0.180609 -0.685744 0.705078 0 51 255
-119.838 -20.864 -4.64866 0.268571 -0.656303 0.705078 0 51 255
-119.688 -20.7904 -4.64866 0.351938 -0.615633 0.705078 0 51 255
-119.55 -20.6979 -4.64866 0.429284 -0.564429 0.705078 0 51 255
-119.425 -20.5881 -4.64866 0.499284 -0.503567 0.705078 0 51 255
-119.315 -20.4629 -4.64866 0.560741 -0.43409 0.705078 0 51 255
-119.223 -20.3245 -4.64866 0.612604 -0.357185 0.705078 0 51 255
-119.149 -20.1752 -4.64866 0.653985 -0.274168 0.705078 0 51 255
-119.095 -20.0175 -4.64866 0.684176 -0.18646 0.705078 0 51 255
-119.063 -19.8542 -4.64866 0.702661 -0.0955622 0.705078 0 51 255
-118.897 -19.6881 -4.82568 0.794685 -0.00260771 0.607017 0 51 255
-118.909 -19.5017 -4.82568 0.788226 0.101142 0.607017 0 51 255
-118.945 -19.3185 -4.82568 0.768281 0.203161 0.607017 0 51 255
-119.006 -19.1416 -4.82568 0.735191 0.301703 0.607017 0 51 255
-119.088 -18.9741 -4.82568 0.689521 0.395084 0.607017 0 51 255
-119.192 -18.8188 -4.82568 0.632053 0.481705 0.607017 0 51 255
-119.315 -18.6783 -4.82568 0.563771 0.560083 0.607017 0 51 255
-119.456 -18.5552 -4.82568 0.485842 0.628878 0.607017 0 51 255
-119.611 -18.4514 -4.82568 0.399601 0.686913 0.607017 0 51 255
-119.778 -18.3688 -4.82568 0.306522 0.733195 0.607017 0 51 255
-119.955 -18.3087 -4.82568 0.208198 0.766931 0.607017 0 51 255
-120.138 -18.2723 -4.82568 0.106313 0.787546 0.607017 0 51 255
-120.325 -18.2601 -4.82568 0.00260771 0.794685 0.607017 0 51 255
-120.511 -18.2723 -4.82568 -0.101142 0.788226 0.607017 0 51 255
-120.694 -18.3087 -4.82568 -0.203161 0.768281 0.607017 0 51 255
-120.871 -18.3688 -4.82568 -0.301703 0.735191 0.607017 0 51 255
-121.039 -18.4514 -4.82568 -0.395084 0.689521 0.607017 0 51 255
-121.194 -18.5552 -4.82568 -0.481705 0.632053 0.607017 0 51 255
-121.335 -18.6783 -4.82568 -0.560083 0.563771 0.607017 0 51 255
-121.458 -18.8188 -4.82568 -0.628878 0.485842 0.607017 0 51 255
-121.562 -18.9741 -4.82568 -0.686913 0.399601 0.607017 0 51 255
-121.644 -19.1416 -4.82568 -0.733195 0.306522 0.607017 0 51 255
-121.704 -19.3185 -4.82568 -0.766931 0.208198 0.607017 0 51 255
-121.741 -19.5017 -4.82568 -0.787546 0.106313 0.607017 0 51 255
-121.753 -19.6881 -4.82568 -0.794685 0.00260771 0.607017 0 51 255
-121.741 -19.8745 -4.82568 -0.788226 -0.101142 0.607017 0 51 255
-121.704 -20.0577 -4.82568 -0.768281 -0.203161 0.607017 0 51 255
-121.644 -20.2346 -4.82568 -0.735191 -0.301703 0.607017 0 51 255
-121.562 -20.4021 -4.82568 -0.689521 -0.395084 0.607017 0 51 255
-121.458 -20.5574 -4.82568 -0.632053 -0.481705 0.607017 0 51 255
-121.335 -20.6979 -4.82568 -0.563771 -0.560083 0.607017 0 51 255
-121.194 -20.821 -4.82568 -0.485842 -0.628878 0.607017 0 51 255
-121.039 -20.9248 -4.82568 -0.399601 -0.686913 0.607017 0 51 255
-120.871 -21.0074 -4.82568 -0.306522 -0.733195 0.607017 0 51 255
-120.694 -21.0675 -4.82568 -0.208198 -0.766931 0.607017 0 51 255
-120.511 -21.1039 -4.82568 -0.106313 -0.787546 0.607017 0 51 255
-120.325 -21.1161 -4.82568 -0.00260771 -0.794685 0.607017 0 51 255
-120.138 -21.1039 -4.82568 0.101142 -0.788226 0.607017 0 51 255
-119.955 -21.0675 -4.82568 0.203161 -0.768281 0.607017 0 51 255
-119.778 -21.0074 -4.82568 0.301703 -0.735191 0.607017 0 51 255
-119.611 -20.9248 -4.82568 0.395084 -0.689521 0.607017 0 51 255
-119.456 -20.821 -4.82568 0.481705 -0.632053 0.607017 0 51 255
-119.315 -20.6979 -4.82568 0.560083 -0.563771 0.607017 0 51 255
-119.192 -20.5574 -4.82568 0.628878 -0.485842 0.607017 0 51 255
-119.088 -20.4021 -4.82568 0.686913 -0.399601 0.607017 0 51 255
-119.006 -20.2346 -4.82568 0.733195 -0.306522 0.607017 0 51 255
-118.945 -20.0577 -4.82568 0.766931 -0.208198 0.607017 0 51 255
-118.909 -19.8745 -4.82568 0.787546 -0.106313 0.607017 0 51 255
-118.766 -19.6881 -5.02145 0.866848 -0.00214182 0.498568 0 51 255
-118.779 -19.4846 -5.02145 0.859711 0.111023 0.498568 0 51 255
-118.819 -19.2846 -5.02145 0.837865 0.222288 0.498568 0 51 255
-118.885 -19.0916 -5.02145 0.801683 0.32975 0.498568 0 51 255
-118.975 -18.9087 -5.02145 0.751783 0.431569 0.498568 0 51 255
-119.088 -18.7391 -5.02145 0.68902 0.526004 0.498568 0 51 255
-119.223 -18.5858 -5.02145 0.614468 0.611439 0.498568 0 51 255
-119.376 -18.4514 -5.02145 0.529403 0.686413 0.498568 0 51 255
-119.545 -18.3381 -5.02145 0.435279 0.749641 0.498568 0 51 255
-119.728 -18.2479 -5.02145 0.333707 0.800043 0.498568 0 51 255
-119.921 -18.1824 -5.02145 0.226426 0.836756 0.498568 0 51 255
-120.121 -18.1426 -5.02145 0.11527 0.859152 0.498568 0 51 255
-120.325 -18.1292 -5.02145 0.00214182 0.866848 0.498568 0 51 255
-120.528 -18.1426 -5.02145 -0.111023 0.859711 0.498568 0 51 255
-120.728 -18.1824 -5.02145 -0.222288 0.837865 0.498568 0 51 255
-120.921 -18.2479 -5.02145 -0.32975 0.801683 0.498568 0 51 255
-121.104 -18.3381 -5.02145 -0.431569 0.751783 0.498568 0 51 255
-121.274 -18.4514 -5.02145 -0.526004 0.68902 0.498568 0 51 255
-121.427 -18.5858 -5.02145 -0.611439 0.614468 0.498568 0 51 255
-121.562 -18.7391 -5.02145 -0.686413 0.529403 0.498568 0 51 255
-121.675 -18.9087 -5.02145 -0.749641 0.435279 0.498568 0 51 255
-121.765 -19.0916 -5.02145 -0.800043 0.333707 0.498568 0 51 255
-121.831 -19.2846 -5.02145 -0.836756 0.226426 0.498568 0 51 255
-121.87 -19.4846 -5.02145 -0.859152 0.11527 0.498568 0 51 255
-121.884 -19.6881 -5.02145 -0.866848 0.00214182 0.498568 0 51 255
-121.87 -19.8916 -5.02145 -0.859711 -0.111023 0.498568 0 51 255
-121.831 -20.0916 -5.02145 -0.837865 -0.222288 0.498568 0 51 255
-121.765 -20.2846 -5.02145 -0.801683 -0.32975 0.498568 0 51 255
-121.675 -20.4675 -5.02145 -0.751783 -0.431569 0.498568 0 51 255
-121.562 -20.6371 -5.02145 -0.68902 -0.526004 0.498568 0 51 255
-121.427 -20.7904 -5.02145 -0.614468 -0.611439 0.498568 0 51 255
-121.274 -20.9248 -5.02145 -0.529403 -0.686413 0.498568 0 51 255
-121.104 -21.0381 -5.02145 -0.435279 -0.749641 0.498568 0 51 255
-120.921 -21.1283 -5.02145 -0.333707 -0.800043 0.498568 0 51 255
-120.728 -21.1938 -5.02145 -0.226426 -0.836756 0.498568 0 51 255
-120.528 -21.2336 -5.02145 -0.11527 -0.859152 0.498568 0 51 255
-120.325 -21.2469 -5.02145 -0.00214182 -0.866848 0.498568 0 51 255
-120.121 -21.2336 -5.02145 0.111023 -0.859711 0.498568 0 51 255
-119.921 -21.1938 -5.02145 0.222288 -0.837865 0.498568 0 51 255
-119.728 -21.1283 -5.02145 0.32975 -0.801683 0.498568 0 51 255
-119.545 -21.0381 -5.02145 0.431569 -0.751783 0.498568 0 51 255
-119.376 -20.9248 -5.02145 0.526004 -0.68902 0.498568 0 51 255
-119.223 -20.7904 -5.02145 0.611439 -0.614468 0.498568 0 51 255
-119.088 -20.6371 -5.02145 0.686413 -0.529403 0.498568 0 51 255
-118.975 -20.4675 -5.02145 0.749641 -0.435279 0.498568 0 51 255
-118.885 -20.2846 -5.02145 0.800043 -0.333707 0.498568 0 51 255
-118.819 -20.0916 -5.02145 0.836756 -0.226426 0.498568 0 51 255
-118.779 -19.8916 -5.02145 0.859152 -0.11527 0.498568 0 51 255
-118.662 -19.6881 -5.23262 0.924331 -0.00163928 0.381588 0 51 255
-118.676 -19.471 -5.23262 0.916637 0.119024 0.381588 0 51 255
-118.719 -19.2577 -5.23262 0.893259 0.237651 0.381588 0 51 255
-118.788 -19.0517 -5.23262 0.854598 0.352212 0.381588 0 51 255
-118.885 -18.8566 -5.23262 0.801314 0.460746 0.381588 0 51 255
-119.006 -18.6757 -5.23262 0.734319 0.561397 0.381588 0 51 255
-119.149 -18.5122 -5.23262 0.65476 0.652442 0.381588 0 51 255
-119.313 -18.3688 -5.23262 0.563998 0.732323 0.381588 0 51 255
-119.493 -18.2479 -5.23262 0.463585 0.799674 0.381588 0 51 255
-119.688 -18.1517 -5.23262 0.355241 0.853343 0.381588 0 51 255
-119.894 -18.0818 -5.23262 0.240818 0.892411 0.381588 0 51 255
-120.108 -18.0393 -5.23262 0.122275 0.916209 0.381588 0 51 255
-120.325 -18.0251 -5.23262 0.00163928 0.924331 0.381588 0 51 255
-120.542 -18.0393 -5.23262 -0.119024 0.916637 0.381588 0 51 255
-120.755 -18.0818 -5.23262 -0.237651 0.893259 0.381588 0 51 255
-120.961 -18.1517 -5.23262 -0.352212 0.854598 0.381588 0 51 255
-121.156 -18.2479 -5.23262 -0.460746 0.801314 0.381588 0 51 255
-121.337 -18.3688 -5.23262 -0.561397 0.734319 0.381588 0 51 255
-121.501 -18.5122 -5.23262 -0.652442 0.65476 0.381588 0 51 255
-121.644 -18.6757 -5.23262 -0.732323 0.563998 0.381588 0 51 255
-121.765 -18.8566 -5.23262 -0.799674 0.463585 0.381588 0 51 255
-121.861 -19.0517 -5.23262 -0.853343 0.355241 0.381588 0 51 255
-121.931 -19.2577 -5.23262 -0.892411 0.240818 0.381588 0 51 255
-121.974 -19.471 -5.23262 -0.916209 0.122275 0.381588 0 51 255
-121.988 -19.6881 -5.23262 -0.924331 0.00163928 0.381588 0 51 255
-121.974 -19.9052 -5.23262 -0.916637 -0.119024 0.381588 0 51 255
-121.931 -20.1185 -5.23262 -0.893259 -0.237651 0.381588 0 51 255
-121.861 -20.3245 -5.23262 -0.854598 -0.352212 0.381588 0 51 255
-121.765 -20.5196 -5.23262 -0.801314 -0.460746 0.381588 0 51 255
-121.644 -20.7005 -5.23262 -0.734319 -0.561397 0.381588 0 51 255
-121.501 -20.864 -5.23262 -0.65476 -0.652442 0.381588 0 51 255
-121.337 -21.0074 -5.23262 -0.563998 -0.732323 0.381588 0 51 255
-121.156 -21.1283 -5.23262 -0.463585 -0.799674 0.381588 0 51 255
-120.961 -21.2245 -5.23262 -0.355241 -0.853343 0.381588 0 51 255
-120.755 -21.2944 -5.23262 -0.240818 -0.892411 0.381588 0 51 255
-120.542 -21.3369 -5.23262 -0.122275 -0.916209 0.381588 0 51 255
-120.325 -21.3511 -5.23262 -0.00163928 -0.924331 0.381588 0 51 255
-120.108 -21.3369 -5.23262 0.119024 -0.916637 0.381588 0 51 255
-119.894 -21.2944 -5.23262 0.237651 -0.893259 0.381588 0 51 255
-119.688 -21.2245 -5.23262 0.352212 -0.854598 0.381588 0 51 255
-119.493 -21.1283 -5.23262 0.460746 -0.801314 0.381588 0 51 255
-119.313 -21.0074 -5.23262 0.561397 -0.734319 0.381588 0 51 255
-119.149 -20.864 -5.23262 0.652442 -0.65476 0.381588 0 51 255
-119.006 -20.7005 -5.23262 0.732323 -0.563998 0.381588 0 51 255
-118.885 -20.5196 -5.23262 0.799674 -0.463585 0.381588 0 51 255
-118.788 -20.3245 -5.23262 0.853343 -0.355241 0.381588 0 51 255
-118.719 -20.1185 -5.23262 0.892411 -0.240818 0.381588 0 51 255
-118.676 -19.9052 -5.23262 0.916209 -0.122275 0.381588 0 51 255
-118.586 -19.6881 -5.45558 0.966123 -0.00110869 0.258079 0 51 255
-118.601 -19.4612 -5.45558 0.958003 0.125005 0.258079 0 51 255
-118.645 -19.2381 -5.45558 0.93349 0.24898 0.258079 0 51 255
-118.719 -19.0227 -5.45558 0.893006 0.368695 0.258079 0 51 255
-118.819 -18.8188 -5.45558 0.837242 0.482101 0.258079 0 51 255
-118.945 -18.6297 -5.45558 0.767152 0.587259 0.258079 0 51 255
-119.095 -18.4587 -5.45558 0.683936 0.682368 0.258079 0 51 255
-119.266 -18.3087 -5.45558 0.589018 0.765802 0.258079 0 51 255
-119.456 -18.1824 -5.45558 0.484022 0.836133 0.258079 0 51 255
-119.66 -18.0818 -5.45558 0.370744 0.892157 0.258079 0 51 255
-119.875 -18.0087 -5.45558 0.251122 0.932916 0.258079 0 51 255
-120.098 -17.9643 -5.45558 0.127204 0.957713 0.258079 0 51 255
-120.325 -17.9494 -5.45558 0.00110869 0.966123 0.258079 0 51 255
-120.552 -17.9643 -5.45558 -0.125005 0.958003 0.258079 0 51 255
-120.775 -18.0087 -5.45558 -0.24898 0.93349 0.258079 0 51 255
-120.99 -18.0818 -5.45558 -0.368695 0.893006 0.258079 0 51 255
-121.194 -18.1824 -5.45558 -0.482101 0.837242 0.258079 0 51 255
-121.383 -18.3087 -5.45558 -0.587259 0.767152 0.258079 0 51 255
-121.554 -18.4587 -5.45558 -0.682368 0.683936 0.258079 0 51 255
-121.704 -18.6297 -5.45558 -0.765802 0.589018 0.258079 0 51 255
-121.831 -18.8188 -5.45558 -0.836133 0.484022 0.258079 0 51 255
-121.931 -19.0227 -5.45558 -0.892157 0.370744 0.258079 0 51 255
-122.004 -19.2381 -5.45558 -0.932916 0.251122 0.258079 0 51 255
-122.049 -19.4612 -5.45558 -0.957713 0.127204 0.258079 0 51 255
-122.064 -19.6881 -5.45558 -0.966123 0.00110869 0.258079 0 51 255
-122.049 -19.915 -5.45558 -0.958003 -0.125005 0.258079 0 51 255
-122.004 -20.1381 -5.45558 -0.93349 -0.24898 0.258079 0 51 255
-121.931 -20.3535 -5.45558 -0.893006 -0.368695 0.258079 0 51 255
-121.831 -20.5574 -5.45558 -0.837242 -0.482101 0.258079 0 51 255
-121.704 -20.7465 -5.45558 -0.767152 -0.587259 0.258079 0 51 255
-121.554 -20.9175 -5.45558 -0.683936 -0.682368 0.258079 0 51 255
-121.383 -21.0675 -5.45558 -0.589018 -0.765802 0.258079 0 51 255
-121.194 -21.1938 -5.45558 -0.484022 -0.836133 0.258079 0 51 255
-120.99 -21.2944 -5.45558 -0.370744 -0.892157 0.258079 0 51 255
-120.775 -21.3675 -5.45558 -0.251122 -0.932916 0.258079 0 51 255
-120.552 -21.4119 -5.45558 -0.127204 -0.957713 0.258079 0 51 255
-120.325 -21.4268 -5.45558 -0.00110869 -0.966123 0.258079 0 51 255
-120.098 -21.4119 -5.45558 0.125005 -0.958003 0.258079 0 51 255
-119.875 -21.3675 -5.45558 0.24898 -0.93349 0.258079 0 51 255
-119.66 -21.2944 -5.45558 0.368695 -0.893006 0.258079 0 51 255
-119.456 -21.1938 -5.45558 0.482101 -0.837242 0.258079 0 51 255
-119.266 -21.0675 -5.45558 0.587259 -0.767152 0.258079 0 51 255
-119.095 -20.9175 -5.45558 0.682368 -0.683936 0.258079 0 51 255
-118.945 -20.7465 -5.45558 0.765802 -0.589018 0.258079 0 51 255
-118.819 -20.5574 -5.45558 0.836133 -0.484022 0.258079 0 51 255
-118.719 -20.3535 -5.45558 0.892157 -0.370744 0.258079 0 51 255
-118.645 -20.1381 -5.45558 0.932916 -0.251122 0.258079 0 51 255
-118.601 -19.915 -5.45558 0.957713 -0.127204 0.258079 0 51 255
-118.54 -19.6881 -5.6865 0.991494 -0.00055913 0.130153 0 51 255
-118.556 -19.4552 -5.6865 0.983084 0.128862 0.130153 0 51 255
-118.601 -19.2262 -5.6865 0.957854 0.256077 0.130153 0 51 255
-118.676 -19.0052 -5.6865 0.916235 0.378912 0.130153 0 51 255
-118.779 -18.7958 -5.6865 0.858938 0.495263 0.130153 0 51 255
-118.909 -18.6017 -5.6865 0.786945 0.60314 0.130153 0 51 255
-119.063 -18.4262 -5.6865 0.701487 0.700697 0.130153 0 51 255
-119.238 -18.2723 -5.6865 0.604027 0.786265 0.130153 0 51 255
-119.433 -18.1426 -5.6865 0.496231 0.858379 0.130153 0 51 255
-119.642 -18.0393 -5.6865 0.379945 0.915807 0.130153 0 51 255
-119.863 -17.9643 -5.6865 0.257158 0.957565 0.130153 0 51 255
-120.092 -17.9188 -5.6865 0.12997 0.982938 0.130153 0 51 255
-120.325 -17.9035 -5.6865 0.00055913 0.991494 0.130153 0 51 255
-120.558 -17.9188 -5.6865 -0.128862 0.983084 0.130153 0 51 255
-120.787 -17.9643 -5.6865 -0.256077 0.957854 0.130153 0 51 255
-121.008 -18.0393 -5.6865 -0.378912 0.916235 0.130153 0 51 255
-121.217 -18.1426 -5.6865 -0.495263 0.858938 0.130153 0 51 255
-121.411 -18.2723 -5.6865 -0.60314 0.786945 0.130153 0 51 255
-121.587 -18.4262 -5.6865 -0.700697 0.701487 0.130153 0 51 255
-121.741 -18.6017 -5.6865 -0.786265 0.604027 0.130153 0 51 255
-121.87 -18.7958 -5.6865 -0.858379 0.496231 0.130153 0 51 255
-121.974 -19.0052 -5.6865 -0.915807 0.379945 0.130153 0 51 255
-122.049 -19.2262 -5.6865 -0.957565 0.257158 0.130153 0 51 255
-122.094 -19.4552 -5.6865 -0.982938 0.12997 0.130153 0 51 255
-122.109 -19.6881 -5.6865 -0.991494 0.00055913 0.130153 0 51 255
-122.094 -19.921 -5.6865 -0.983084 -0.128862 0.130153 0 51 255
-122.049 -20.15 -5.6865 -0.957854 -0.256077 0.130153 0 51 255
-121.974 -20.371 -5.6865 -0.916235 -0.378912 0.130153 0 51 255
-121.87 -20.5804 -5.6865 -0.858938 -0.495263 0.130153 0 51 255
-121.741 -20.7745 -5.6865 -0.786945 -0.60314 0.130153 0 51 255
-121.587 -20.95 -5.6865 -0.701487 -0.700697 0.130153 0 51 255
-121.411 -21.1039 -5.6865 -0.604027 -0.786265 0.130153 0 51 255
-121.217 -21.2336 -5.6865 -0.496231 -0.858379 0.130153 0 51 255
-121.008 -21.3369 -5.6865 -0.379945 -0.915807 0.130153 0 51 255
-120.787 -21.4119 -5.6865 -0.257158 -0.957565 0.130153 0 51 255
-120.558 -21.4574 -5.6865 -0.12997 -0.982938 0.130153 0 51 255
-120.325 -21.4727 -5.6865 -0.00055913 -0.991494 0.130153 0 51 255
-120.092 -21.4574 -5.6865 0.128862 -0.983084 0.130153 0 51 255
-119.863 -21.4119 -5.6865 0.256077 -0.957854 0.130153 0 51 255
-119.642 -21.3369 -5.6865 0.378912 -0.916235 0.130153 0 51 255
-119.433 -21.2336 -5.6865 0.495263 -0.858938 0.130153 0 51 255
-119.238 -21.1039 -5.6865 0.60314 -0.786945 0.130153 0 51 255
-119.063 -20.95 -5.6865 0.700697 -0.701487 0.130153 0 51 255
-118.909 -20.7745 -5.6865 0.786265 -0.604027 0.130153 0 51 255
-118.779 -20.5804 -5.6865 0.858379 -0.496231 0.130153 0 51 255
-118.676 -20.371 -5.6865 0.915807 -0.379945 0.130153 0 51 255
-118.601 -20.15 -5.6865 0.957565 -0.257158 0.130153 0 51 255
-118.556 -19.921 -5.6865 0.982938 -0.12997 0.130153 0 51 255
-118.525 -19.6881 -5.92145 1 3.93949e-17 -1.64145e-16 0 51 255
-118.54 -19.4531 -5.92145 0.991445 0.130526 6.86522e-15 0 51 255
-118.586 -19.2222 -5.92145 0.965926 0.258819 -7.07927e-15 0 51 255
-118.662 -18.9993 -5.92145 0.92388 0.382683 1.01508e-15 0 51 255
-118.766 -18.7881 -5.92145 0.866025 0.5 -4.03535e-15 0 51 255
-118.897 -18.5923 -5.92145 0.793353 0.608761 7.61635e-17 0 51 255
-119.052 -18.4153 -5.92145 0.707107 0.707107 5.79893e-15 0 51 255
-119.229 -18.2601 -5.92145 0.608761 0.793353 6.06025e-15 0 51 255
-119.425 -18.1292 -5.92145 0.5 0.866025 1.06235e-15 0 51 255
-119.636 -18.0251 -5.92145 0.382683 0.92388 2.17985e-16 0 51 255
-119.859 -17.9494 -5.92145 0.258819 0.965926 -8.27293e-17 0 51 255
-120.09 -17.9035 -5.92145 0.130526 0.991445 3.02028e-17 0 51 255
-120.325 -17.8881 -5.92145 -4.20212e-17 1 1.31316e-18 0 51 255
-120.56 -17.9035 -5.92145 -0.130526 0.991445 4.97952e-15 0 51 255
-120.791 -17.9494 -5.92145 -0.258819 0.965926 2.51602e-15 0 51 255
-121.014 -18.0251 -5.92145 -0.382683 0.92388 -2.20612e-16 0 51 255
-121.225 -18.1292 -5.92145 -0.5 0.866025 3.38402e-15 0 51 255
-121.421 -18.2601 -5.92145 -0.608761 0.793353 3.93949e-17 0 51 255
-121.598 -18.4153 -5.92145 -0.707107 0.707107 -4.00646e-15 0 51 255
-121.753 -18.5923 -5.92145 -0.793353 0.608761 4.52122e-15 0 51 255
-121.884 -18.7881 -5.92145 -0.866025 0.5 5.29336e-15 0 51 255
-121.988 -18.9993 -5.92145 -0.92388 0.382683 -1.26037e-14 0 51 255
-122.064 -19.2222 -5.92145 -0.965926 0.258819 7.89211e-15 0 51 255
-122.109 -19.4531 -5.92145 -0.991445 0.130526 3.3223e-15 0 51 255
-122.125 -19.6881 -5.92145 -1 -3.93949e-17 -1.65459e-16 0 51 255
-122.109 -19.923 -5.92145 -0.991445 -0.130526 6.86522e-15 0 51 255
-122.064 -20.154 -5.92145 -0.965926 -0.258819 -7.88555e-15 0 51 255
-121.988 -20.3769 -5.92145 -0.92388 -0.382683 1.98025e-15 0 51 255
-121.884 -20.5881 -5.92145 -0.866025 -0.5 -4.03535e-15 0 51 255
-121.753 -20.7839 -5.92145 -0.793353 -0.608761 -4.52254e-15 0 51 255
-121.598 -20.9609 -5.92145 -0.707107 -0.707107 5.89611e-15 0 51 255
-121.421 -21.1161 -5.92145 -0.608761 -0.793353 2.04854e-15 0 51 255
-121.225 -21.2469 -5.92145 -0.5 -0.866025 -1.13326e-15 0 51 255
-121.014 -21.3511 -5.92145 -0.382683 -0.92388 2.17985e-16 0 51 255
-120.791 -21.4268 -5.92145 -0.258819 -0.965926 -8.27293e-17 0 51 255
-120.56 -21.4727 -5.92145 -0.130526 -0.991445 3.02028e-17 0 51 255
-120.325 -21.4881 -5.92145 4.20212e-17 -1 1.31316e-18 0 51 255
-120.09 -21.4727 -5.92145 0.130526 -0.991445 4.97952e-15 0 51 255
-119.859 -21.4268 -5.92145 0.258819 -0.965926 2.51602e-15 0 51 255
-119.636 -21.3511 -5.92145 0.382683 -0.92388 -3.09907e-16 0 51 255
-119.425 -21.2469 -5.92145 0.5 -0.866025 -8.99517e-16 0 51 255
-119.229 -21.1161 -5.92145 0.608761 -0.793353 -2.05116e-15 0 51 255
-119.052 -20.9609 -5.92145 0.707107 -0.707107 -4.00646e-15 0 51 255
-118.897 -20.7839 -5.92145 0.793353 -0.608761 4.52122e-15 0 51 255
-118.766 -20.5881 -5.92145 0.866025 -0.5 5.29336e-15 0 51 255
-118.662 -20.3769 -5.92145 0.92388 -0.382683 -1.17935e-14 0 51 255
-118.586 -20.154 -5.92145 0.965926 -0.258819 7.89343e-15 0 51 255
-118.54 -19.923 -5.92145 0.991445 -0.130526 2.82855e-15 0 51 255
-118.54 -19.6881 -6.1564 0.991494 0.00055913 -0.130153 0 51 255
-118.556 -19.4552 -6.1564 0.982938 0.12997 -0.130153 0 51 255
-118.601 -19.2262 -6.1564 0.957565 0.257158 -0.130153 0 51 255
-118.676 -19.0052 -6.1564 0.915807 0.379945 -0.130153 0 51 255
-118.779 -18.7958 -6.1564 0.858379 0.496231 -0.130153 0 51 255
-118.909 -18.6017 -6.1564 0.786265 0.604027 -0.130153 0 51 255
-119.063 -18.4262 -6.1564 0.700697 0.701487 -0.130153 0 51 255
-119.238 -18.2723 -6.1564 0.60314 0.786945 -0.130153 0 51 255
-119.433 -18.1426 -6.1564 0.495263 0.858938 -0.130153 0 51 255
-119.642 -18.0393 -6.1564 0.378912 0.916235 -0.130153 0 51 255
-119.863 -17.9643 -6.1564 0.256077 0.957854 -0.130153 0 51 255
-120.092 -17.9188 -6.1564 0.128862 0.983084 -0.130153 0 51 255
-120.325 -17.9035 -6.1564 -0.00055913 0.991494 -0.130153 0 51 255
-120.558 -17.9188 -6.1564 -0.12997 0.982938 -0.130153 0 51 255
-120.787 -17.9643 -6.1564 -0.257158 0.957565 -0.130153 0 51 255
-121.008 -18.0393 -6.1564 -0.379945 0.915807 -0.130153 0 51 255
-121.217 -18.1426 -6.1564 -0.496231 0.858379 -0.130153 0 51 255
-121.411 -18.2723 -6.1564 -0.604027 0.786265 -0.130153 0 51 255
-121.587 -18.4262 -6.1564 -0.701487 0.700697 -0.130153 0 51 255
-121.741 -18.6017 -6.1564 -0.786945 0.60314 -0.130153 0 51 255
-121.87 -18.7958 -6.1564 -0.858938 0.495263 -0.130153 0 51 255
-121.974 -19.0052 -6.1564 -0.916235 0.378912 -0.130153 0 51 255
-122.049 -19.2262 -6.1564 -0.957854 0.256077 -0.130153 0 51 255
-122.094 -19.4552 -6.1564 -0.983084 0.128862 -0.130153 0 51 255
-122.109 -19.6881 -6.1564 -0.991494 -0.00055913 -0.130153 0 51 255
-122.094 -19.921 -6.1564 -0.982938 -0.12997 -0.130153 0 51 255
-122.049 -20.15 -6.1564 -0.957565 -0.257158 -0.130153 0 51 255
-121.974 -20.371 -6.1564 -0.915807 -0.379945 -0.130153 0 51 255
-121.87 -20.5804 -6.1564 -0.858379 -0.496231 -0.130153 0 51 255
-121.741 -20.7745 -6.1564 -0.786265 -0.604027 -0.130153 0 51 255
-121.587 -20.95 -6.1564 -0.700697 -0.701487 -0.130153 0 51 255
-121.411 -21.1039 -6.1564 -0.60314 -0.786945 -0.130153 0 51 255
-121.217 -21.2336 -6.1564 -0.495263 -0.858938 -0.130153 0 51 255
-121.008 -21.3369 -6.1564 -0.378912 -0.916235 -0.130153 0 51 255
-120.787 -21.4119 -6.1564 -0.256077 -0.957854 -0.130153 0 51 255
-120.558 -21.4574 -6.1564 -0.128862 -0.983084 -0.130153 0 51 255
-120.325 -21.4727 -6.1564 0.00055913 -0.991494 -0.130153 0 51 255
-120.092 -21.4574 -6.1564 0.12997 -0.982938 -0.130153 0 51 255
-119.863 -21.4119 -6.1564 0.257158 -0.957565 -0.130153 0 51 255
-119.642 -21.3369 -6.1564 0.379945 -0.915807 -0.130153 0 51 255
-119.433 -21.2336 -6.1564 0.496231 -0.858379 -0.130153 0 51 255
-119.238 -21.1039 -6.1564 0.604027 -0.786265 -0.130153 0 51 255
-119.063 -20.95 -6.1564 0.701487 -0.700697 -0.130153 0 51 255
-118.909 -20.7745 -6.1564 0.786945 -0.60314 -0.130153 0 51 255
-118.779 -20.5804 -6.1564 0.858938 -0.495263 -0.130153 0 51 255
-118.676 -20.371 -6.1564 0.916235 -0.378912 -0.130153 0 51 255
-118.601 -20.15 -6.1564 0.957854 -0.256077 -0.130153 0 51 255
-118.556 -19.921 -6.1564 0.983084 -0.128862 -0.130153 0 51 255
-118.586 -19.6881 -6.38733 0.966123 0.00110869 -0.258079 0 51 255
-118.601 -19.4612 -6.38733 0.957713 0.127204 -0.258079 0 51 255
-118.645 -19.2381 -6.38733 0.932916 0.251122 -0.258079 0 51 255
-118.719 -19.0227 -6.38733 0.892157 0.370744 -0.258079 0 51 255
-118.819 -18.8188 -6.38733 0.836133 0.484022 -0.258079 0 51 255
-118.945 -18.6297 -6.38733 0.765802 0.589018 -0.258079 0 51 255
-119.095 -18.4587 -6.38733 0.682368 0.683936 -0.258079 0 51 255
-119.266 -18.3087 -6.38733 0.587259 0.767152 -0.258079 0 51 255
-119.456 -18.1824 -6.38733 0.482101 0.837242 -0.258079 0 51 255
-119.66 -18.0818 -6.38733 0.368695 0.893006 -0.258079 0 51 255
-119.875 -18.0087 -6.38733 0.24898 0.93349 -0.258079 0 51 255
-120.098 -17.9643 -6.38733 0.125005 0.958003 -0.258079 0 51 255
-120.325 -17.9494 -6.38733 -0.00110869 0.966123 -0.258079 0 51 255
-120.552 -17.9643 -6.38733 -0.127204 0.957713 -0.258079 0 51 255
-120.775 -18.0087 -6.38733 -0.251122 0.932916 -0.258079 0 51 255
-120.99 -18.0818 -6.38733 -0.370744 0.892157 -0.258079 0 51 255
-121.194 -18.1824 -6.38733 -0.484022 0.836133 -0.258079 0 51 255
-121.383 -18.3087 -6.38733 -0.589018 0.765802 -0.258079 0 51 255
-121.554 -18.4587 -6.38733 -0.683936 0.682368 -0.258079 0 51 255
-121.704 -18.6297 -6.38733 -0.767152 0.587259 -0.258079 0 51 255
-121.831 -18.8188 -6.38733 -0.837242 0.482101 -0.258079 0 51 255
-121.931 -19.0227 -6.38733 -0.893006 0.368695 -0.258079 0 51 255
-122.004 -19.2381 -6.38733 -0.93349 0.24898 -0.258079 0 51 255
-122.049 -19.4612 -6.38733 -0.958003 0.125005 -0.258079 0 51 255
-122.064 -19.6881 -6.38733 -0.966123 -0.00110869 -0.258079 0 51 255
-122.049 -19.915 -6.38733 -0.957713 -0.127204 -0.258079 0 51 255
-122.004 -20.1381 -6.38733 -0.932916 -0.251122 -0.258079 0 51 255
-121.931 -20.3535 -6.38733 -0.892157 -0.370744 -0.258079 0 51 255
-121.831 -20.5574 -6.38733 -0.836133 -0.484022 -0.258079 0 51 255
-121.704 -20.7465 -6.38733 -0.765802 -0.589018 -0.258079 0 51 255
-121.554 -20.9175 -6.38733 -0.682368 -0.683936 -0.258079 0 51 255
-121.383 -21.0675 -6.38733 -0.587259 -0.767152 -0.258079 0 51 255
-121.194 -21.1938 -6.38733 -0.482101 -0.837242 -0.258079 0 51 255
-120.99 -21.2944 -6.38733 -0.368695 -0.893006 -0.258079 0 51 255
-120.775 -21.3675 -6.38733 -0.24898 -0.93349 -0.258079 0 51 255
-120.552 -21.4119 -6.38733 -0.125005 -0.958003 -0.258079 0 51 255
-120.325 -21.4268 -6.38733 0.00110869 -0.966123 -0.258079 0 51 255
-120.098 -21.4119 -6.38733 0.127204 -0.957713 -0.258079 0 51 255
-119.875 -21.3675 -6.38733 0.251122 -0.932916 -0.258079 0 51 255
-119.66 -21.2944 -6.38733 0.370744 -0.892157 -0.258079 0 51 255
-119.456 -21.1938 -6.38733 0.484022 -0.836133 -0.258079 0 51 255
-119.266 -21.0675 -6.38733 0.589018 -0.765802 -0.258079 0 51 255
-119.095 -20.9175 -6.38733 0.683936 -0.682368 -0.258079 0 51 255
-118.945 -20.7465 -6.38733 0.767152 -0.587259 -0.258079 0 51 255
-118.819 -20.5574 -6.38733 0.837242 -0.482101 -0.258079 0 51 255
-118.719 -20.3535 -6.38733 0.893006 -0.368695 -0.258079 0 51 255
-118.645 -20.1381 -6.38733 0.93349 -0.24898 -0.258079 0 51 255
-118.601 -19.915 -6.38733 0.958003 -0.125005 -0.258079 0 51 255
-118.662 -19.6881 -6.61028 0.924331 0.00163928 -0.381588 0 51 255
-118.676 -19.471 -6.61028 0.916209 0.122275 -0.381588 0 51 255
-118.719 -19.2577 -6.61028 0.892411 0.240818 -0.381588 0 51 255
-118.788 -19.0517 -6.61028 0.853343 0.355241 -0.381588 0 51 255
-118.885 -18.8566 -6.61028 0.799674 0.463585 -0.381588 0 51 255
-119.006 -18.6757 -6.61028 0.732323 0.563998 -0.381588 0 51 255
-119.149 -18.5122 -6.61028 0.652442 0.65476 -0.381588 0 51 255
-119.313 -18.3688 -6.61028 0.561397 0.734319 -0.381588 0 51 255
-119.493 -18.2479 -6.61028 0.460746 0.801314 -0.381588 0 51 255
-119.688 -18.1517 -6.61028 0.352212 0.854598 -0.381588 0 51 255
-119.894 -18.0818 -6.61028 0.237651 0.893259 -0.381588 0 51 255
-120.108 -18.0393 -6.61028 0.119024 0.916637 -0.381588 0 51 255
-120.325 -18.0251 -6.61028 -0.00163928 0.924331 -0.381588 0 51 255
-120.542 -18.0393 -6.61028 -0.122275 0.916209 -0.381588 0 51 255
-120.755 -18.0818 -6.61028 -0.240818 0.892411 -0.381588 0 51 255
-120.961 -18.1517 -6.61028 -0.355241 0.853343 -0.381588 0 51 255
-121.156 -18.2479 -6.61028 -0.463585 0.799674 -0.381588 0 51 255
-121.337 -18.3688 -6.61028 -0.563998 0.732323 -0.381588 0 51 255
-121.501 -18.5122 -6.61028 -0.65476 0.652442 -0.381588 0 51 255
-121.644 -18.6757 -6.61028 -0.734319 0.561397 -0.381588 0 51 255
-121.765 -18.8566 -6.61028 -0.801314 0.460746 -0.381588 0 51 255
-121.861 -19.0517 -6.61028 -0.854598 0.352212 -0.381588 0 51 255
-121.931 -19.2577 -6.61028 -0.893259 0.237651 -0.381588 0 51 255
-121.974 -19.471 -6.61028 -0.916637 0.119024 -0.381588 0 51 255
-121.988 -19.6881 -6.61028 -0.924331 -0.00163928 -0.381588 0 51 255
-121.974 -19.9052 -6.61028 -0.916209 -0.122275 -0.381588 0 51 255
-121.931 -20.1185 -6.61028 -0.892411 -0.240818 -0.381588 0 51 255
-121.861 -20.3245 -6.61028 -0.853343 -0.355241 -0.381588 0 51 255
-121.765 -20.5196 -6.61028 -0.799674 -0.463585 -0.381588 0 51 255
-121.644 -20.7005 -6.61028 -0.732323 -0.563998 -0.381588 0 51 255
-121.501 -20.864 -6.61028 -0.652442 -0.65476 -0.381588 0 51 255
-121.337 -21.0074 -6.61028 -0.561397 -0.734319 -0.381588 0 51 255
-121.156 -21.1283 -6.61028 -0.460746 -0.801314 -0.381588 0 51 255
-120.961 -21.2245 -6.61028 -0.352212 -0.854598 -0.381588 0 51 255
-120.755 -21.2944 -6.61028 -0.237651 -0.893259 -0.381588 0 51 255
-120.542 -21.3369 -6.61028 -0.119024 -0.916637 -0.381588 0 51 255
-120.325 -21.3511 -6.61028 0.00163928 -0.924331 -0.381588 0 51 255
-120.108 -21.3369 -6.61028 0.122275 -0.916209 -0.381588 0 51 255
-119.894 -21.2944 -6.61028 0.240818 -0.892411 -0.381588 0 51 255
-119.688 -21.2245 -6.61028 0.355241 -0.853343 -0.381588 0 51 255
-119.493 -21.1283 -6.61028 0.463585 -0.799674 -0.381588 0 51 255
-119.313 -21.0074 -6.61028 0.563998 -0.732323 -0.381588 0 51 255
-119.149 -20.864 -6.61028 0.65476 -0.652442 -0.381588 0 51 255
-119.006 -20.7005 -6.61028 0.734319 -0.561397 -0.381588 0 51 255
-118.885 -20.5196 -6.61028 0.801314 -0.460746 -0.381588 0 51 255
-118.788 -20.3245 -6.61028 0.854598 -0.352212 -0.381588 0 51 255
-118.719 -20.1185 -6.61028 0.893259 -0.237651 -0.381588 0 51 255
-118.676 -19.9052 -6.61028 0.916637 -0.119024 -0.381588 0 51 255
-118.766 -19.6881 -6.82145 0.866848 0.00214182 -0.498568 0 51 255
-118.779 -19.4846 -6.82145 0.859152 0.11527 -0.498568 0 51 255
-118.819 -19.2846 -6.82145 0.836756 0.226426 -0.498568 0 51 255
-118.885 -19.0916 -6.82145 0.800043 0.333707 -0.498568 0 51 255
-118.975 -18.9087 -6.82145 0.749641 0.435279 -0.498568 0 51 255
-119.088 -18.7391 -6.82145 0.686413 0.529403 -0.498568 0 51 255
-119.223 -18.5858 -6.82145 0.611439 0.614468 -0.498568 0 51 255
-119.376 -18.4514 -6.82145 0.526004 0.68902 -0.498568 0 51 255
-119.545 -18.3381 -6.82145 0.431569 0.751783 -0.498568 0 51 255
-119.728 -18.2479 -6.82145 0.32975 0.801683 -0.498568 0 51 255
-119.921 -18.1824 -6.82145 0.222288 0.837865 -0.498568 0 51 255
-120.121 -18.1426 -6.82145 0.111023 0.859711 -0.498568 0 51 255
-120.325 -18.1292 -6.82145 -0.00214182 0.866848 -0.498568 0 51 255
-120.528 -18.1426 -6.82145 -0.11527 0.859152 -0.498568 0 51 255
-120.728 -18.1824 -6.82145 -0.226426 0.836756 -0.498568 0 51 255
-120.921 -18.2479 -6.82145 -0.333707 0.800043 -0.498568 0 51 255
-121.104 -18.3381 -6.82145 -0.435279 0.749641 -0.498568 0 51 255
-121.274 -18.4514 -6.82145 -0.529403 0.686413 -0.498568 0 51 255
-121.427 -18.5858 -6.82145 -0.614468 0.611439 -0.498568 0 51 255
-121.562 -18.7391 -6.82145 -0.68902 0.526004 -0.498568 0 51 255
-121.675 -18.9087 -6.82145 -0.751783 0.431569 -0.498568 0 51 255
-121.765 -19.0916 -6.82145 -0.801683 0.32975 -0.498568 0 51 255
-121.831 -19.2846 -6.82145 -0.837865 0.222288 -0.498568 0 51 255
-121.87 -19.4846 -6.82145 -0.859711 0.111023 -0.498568 0 51 255
-121.884 -19.6881 -6.82145 -0.866848 -0.00214182 -0.498568 0 51 255
-121.87 -19.8916 -6.82145 -0.859152 -0.11527 -0.498568 0 51 255
-121.831 -20.0916 -6.82145 -0.836756 -0.226426 -0.498568 0 51 255
-121.765 -20.2846 -6.82145 -0.800043 -0.333707 -0.498568 0 51 255
-121.675 -20.4675 -6.82145 -0.749641 -0.435279 -0.498568 0 51 255
-121.562 -20.6371 -6.82145 -0.686413 -0.529403 -0.498568 0 51 255
-121.427 -20.7904 -6.82145 -0.611439 -0.614468 -0.498568 0 51 255
-121.274 -20.9248 -6.82145 -0.526004 -0.68902 -0.498568 0 51 255
-121.104 -21.0381 -6.82145 -0.431569 -0.751783 -0.498568 0 51 255
-120.921 -21.1283 -6.82145 -0.32975 -0.801683 -0.498568 0 51 255
-120.728 -21.1938 -6.82145 -0.222288 -0.837865 -0.498568 0 51 255
-120.528 -21.2336 -6.82145 -0.111023 -0.859711 -0.498568 0 51 255
-120.325 -21.2469 -6.82145 0.00214182 -0.866848 -0.498568 0 51 255
-120.121 -21.2336 -6.82145 0.11527 -0.859152 -0.498568 0 51 255
-119.921 -21.1938 -6.82145 0.226426 -0.836756 -0.498568 0 51 255
-119.728 -21.1283 -6.82145 0.333707 -0.800043 -0.498568 0 51 255
-119.545 -21.0381 -6.82145 0.435279 -0.749641 -0.498568 0 51 255
-119.376 -20.9248 -6.82145 0.529403 -0.686413 -0.498568 0 51 255
-119.223 -20.7904 -6.82145 0.614468 -0.611439 -0.498568 0 51 255
-119.088 -20.6371 -6.82145 0.68902 -0.526004 -0.498568 0 51 255
-118.975 -20.4675 -6.82145 0.751783 -0.431569 -0.498568 0 51 255
-118.885 -20.2846 -6.82145 0.801683 -0.32975 -0.498568 0 51 255
-118.819 -20.0916 -6.82145 0.837865 -0.222288 -0.498568 0 51 255
-118.779 -19.8916 -6.82145 0.859711 -0.111023 -0.498568 0 51 255
-118.897 -19.6881 -7.01722 0.794685 0.00260771 -0.607017 0 51 255
-118.909 -19.5017 -7.01722 0.787546 0.106313 -0.607017 0 51 255
-118.945 -19.3185 -7.01722 0.766931 0.208198 -0.607017 0 51 255
-119.006 -19.1416 -7.01722 0.733195 0.306522 -0.607017 0 51 255
-119.088 -18.9741 -7.01722 0.686913 0.399601 -0.607017 0 51 255
-119.192 -18.8188 -7.01722 0.628878 0.485842 -0.607017 0 51 255
-119.315 -18.6783 -7.01722 0.560083 0.563771 -0.607017 0 51 255
-119.456 -18.5552 -7.01722 0.481705 0.632053 -0.607017 0 51 255
-119.611 -18.4514 -7.01722 0.395084 0.689521 -0.607017 0 51 255
-119.778 -18.3688 -7.01722 0.301703 0.735191 -0.607017 0 51 255
-119.955 -18.3087 -7.01722 0.203161 0.768281 -0.607017 0 51 255
-120.138 -18.2723 -7.01722 0.101142 0.788226 -0.607017 0 51 255
-120.325 -18.2601 -7.01722 -0.00260771 0.794685 -0.607017 0 51 255
-120.511 -18.2723 -7.01722 -0.106313 0.787546 -0.607017 0 51 255
-120.694 -18.3087 -7.01722 -0.208198 0.766931 -0.607017 0 51 255
-120.871 -18.3688 -7.01722 -0.306522 0.733195 -0.607017 0 51 255
-121.039 -18.4514 -7.01722 -0.399601 0.686913 -0.607017 0 51 255
-121.194 -18.5552 -7.01722 -0.485842 0.628878 -0.607017 0 51 255
-121.335 -18.6783 -7.01722 -0.563771 0.560083 -0.607017 0 51 255
-121.458 -18.8188 -7.01722 -0.632053 0.481705 -0.607017 0 51 255
-121.562 -18.9741 -7.01722 -0.689521 0.395084 -0.607017 0 51 255
-121.644 -19.1416 -7.01722 -0.735191 0.301703 -0.607017 0 51 255
-121.704 -19.3185 -7.01722 -0.768281 0.203161 -0.607017 0 51 255
-121.741 -19.5017 -7.01722 -0.788226 0.101142 -0.607017 0 51 255
-121.753 -19.6881 -7.01722 -0.794685 -0.00260771 -0.607017 0 51 255
-121.741 -19.8745 -7.01722 -0.787546 -0.106313 -0.607017 0 51 255
-121.704 -20.0577 -7.01722 -0.766931 -0.208198 -0.607017 0 51 255
-121.644 -20.2346 -7.01722 -0.733195 -0.306522 -0.607017 0 51 255
-121.562 -20.4021 -7.01722 -0.686913 -0.399601 -0.607017 0 51 255
-121.458 -20.5574 -7.01722 -0.628878 -0.485842 -0.607017 0 51 255
-121.335 -20.6979 -7.01722 -0.560083 -0.563771 -0.607017 0 51 255
-121.194 -20.821 -7.01722 -0.481705 -0.632053 -0.607017 0 51 255
-121.039 -20.9248 -7.01722 -0.395084 -0.689521 -0.607017 0 51 255
-120.871 -21.0074 -7.01722 -0.301703 -0.735191 -0.607017 0 51 255
-120.694 -21.0675 -7.01722 -0.203161 -0.768281 -0.607017 0 51 255
-120.511 -21.1039 -7.01722 -0.101142 -0.788226 -0.607017 0 51 255
-120.325 -21.1161 -7.01722 0.00260771 -0.794685 -0.607017 0 51 255
-120.138 -21.1039 -7.01722 0.106313 -0.787546 -0.607017 0 51 255
-119.955 -21.0675 -7.01722 0.208198 -0.766931 -0.607017 0 51 255
-119.778 -21.0074 -7.01722 0.306522 -0.733195 -0.607017 0 51 255
-119.611 -20.9248 -7.01722 0.399601 -0.686913 -0.607017 0 51 255
-119.456 -20.821 -7.01722 0.485842 -0.628878 -0.607017 0 51 255
-119.315 -20.6979 -7.01722 0.563771 -0.560083 -0.607017 0 51 255
-119.192 -20.5574 -7.01722 0.632053 -0.481705 -0.607017 0 51 255
-119.088 -20.4021 -7.01722 0.689521 -0.395084 -0.607017 0 51 255
-119.006 -20.2346 -7.01722 0.735191 -0.301703 -0.607017 0 51 255
-118.945 -20.0577 -7.01722 0.768281 -0.203161 -0.607017 0 51 255
-118.909 -19.8745 -7.01722 0.788226 -0.101142 -0.607017 0 51 255
-119.052 -19.6881 -7.19424 0.709123 0.00302898 -0.705078 0 51 255
-119.063 -19.522 -7.19424 0.702661 0.0955622 -0.705078 0 51 255
-119.095 -19.3587 -7.19424 0.684176 0.18646 -0.705078 0 51 255
-119.149 -19.201 -7.19424 0.653985 0.274168 -0.705078 0 51 255
-119.223 -19.0517 -7.19424 0.612604 0.357185 -0.705078 0 51 255
-119.315 -18.9133 -7.19424 0.560741 0.43409 -0.705078 0 51 255
-119.425 -18.7881 -7.19424 0.499284 0.503567 -0.705078 0 51 255
-119.55 -18.6783 -7.19424 0.429284 0.564429 -0.705078 0 51 255
-119.688 -18.5858 -7.19424 0.351938 0.615633 -0.705078 0 51 255
-119.838 -18.5122 -7.19424 0.268571 0.656303 -0.705078 0 51 255
-119.995 -18.4587 -7.19424 0.180609 0.685744 -0.705078 0 51 255
-120.159 -18.4262 -7.19424 0.089556 0.703452 -0.705078 0 51 255
-120.325 -18.4153 -7.19424 -0.00302898 0.709123 -0.705078 0 51 255
-120.491 -18.4262 -7.19424 -0.0955622 0.702661 -0.705078 0 51 255
-120.654 -18.4587 -7.19424 -0.18646 0.684176 -0.705078 0 51 255
-120.812 -18.5122 -7.19424 -0.274168 0.653985 -0.705078 0 51 255
-120.961 -18.5858 -7.19424 -0.357185 0.612604 -0.705078 0 51 255
-121.1 -18.6783 -7.19424 -0.43409 0.560741 -0.705078 0 51 255
-121.225 -18.7881 -7.19424 -0.503567 0.499284 -0.705078 0 51 255
-121.335 -18.9133 -7.19424 -0.564429 0.429284 -0.705078 0 51 255
-121.427 -19.0517 -7.19424 -0.615633 0.351938 -0.705078 0 51 255
-121.501 -19.201 -7.19424 -0.656303 0.268571 -0.705078 0 51 255
-121.554 -19.3587 -7.19424 -0.685744 0.180609 -0.705078 0 51 255
-121.587 -19.522 -7.19424 -0.703452 0.089556 -0.705078 0 51 255
-121.598 -19.6881 -7.19424 -0.709123 -0.00302898 -0.705078 0 51 255
-121.587 -19.8542 -7.19424 -0.702661 -0.0955622 -0.705078 0 51 255
-121.554 -20.0175 -7.19424 -0.684176 -0.18646 -0.705078 0 51 255
-121.501 -20.1752 -7.19424 -0.653985 -0.274168 -0.705078 0 51 255
-121.427 -20.3245 -7.19424 -0.612604 -0.357185 -0.705078 0 51 255
-121.335 -20.4629 -7.19424 -0.560741 -0.43409 -0.705078 0 51 255
-121.225 -20.5881 -7.19424 -0.499284 -0.503567 -0.705078 0 51 255
-121.1 -20.6979 -7.19424 -0.429284 -0.564429 -0.705078 0 51 255
-120.961 -20.7904 -7.19424 -0.351938 -0.615633 -0.705078 0 51 255
-120.812 -20.864 -7.19424 -0.268571 -0.656303 -0.705078 0 51 255
-120.654 -20.9175 -7.19424 -0.180609 -0.685744 -0.705078 0 51 255
-120.491 -20.95 -7.19424 -0.089556 -0.703452 -0.705078 0 51 255
-120.325 -20.9609 -7.19424 0.00302898 -0.709123 -0.705078 0 51 255
-120.159 -20.95 -7.19424 0.0955622 -0.702661 -0.705078 0 51 255
-119.995 -20.9175 -7.19424 0.18646 -0.684176 -0.705078 0 51 255
-119.838 -20.864 -7.19424 0.274168 -0.653985 -0.705078 0 51 255
-119.688 -20.7904 -7.19424 0.357185 -0.612604 -0.705078 0 51 255
-119.55 -20.6979 -7.19424 0.43409 -0.560741 -0.705078 0 51 255
-119.425 -20.5881 -7.19424 0.503567 -0.499284 -0.705078 0 51 255
-119.315 -20.4629 -7.19424 0.564429 -0.429284 -0.705078 0 51 255
-119.223 -20.3245 -7.19424 0.615633 -0.351938 -0.705078 0 51 255
-119.149 -20.1752 -7.19424 0.656303 -0.268571 -0.705078 0 51 255
-119.095 -20.0175 -7.19424 0.685744 -0.180609 -0.705078 0 51 255
-119.063 -19.8542 -7.19424 0.703452 -0.089556 -0.705078 0 51 255
-119.229 -19.6881 -7.34949 0.611711 0.00339841 -0.791074 0 51 255
-119.238 -19.5451 -7.34949 0.606034 0.0832136 -0.791074 0 51 255
-119.266 -19.4045 -7.34949 0.589987 0.161605 -0.791074 0 51 255
-119.313 -19.2688 -7.34949 0.563846 0.237231 -0.791074 0 51 255
-119.376 -19.1402 -7.34949 0.528058 0.308798 -0.791074 0 51 255
-119.456 -19.021 -7.34949 0.483234 0.375082 -0.791074 0 51 255
-119.55 -18.9133 -7.34949 0.430142 0.434948 -0.791074 0 51 255
-119.658 -18.8188 -7.34949 0.36969 0.487371 -0.791074 0 51 255
-119.777 -18.7391 -7.34949 0.302912 0.531456 -0.791074 0 51 255
-119.906 -18.6757 -7.34949 0.230952 0.566447 -0.791074 0 51 255
-120.041 -18.6297 -7.34949 0.15504 0.591747 -0.791074 0 51 255
-120.182 -18.6017 -7.34949 0.0764749 0.606921 -0.791074 0 51 255
-120.325 -18.5923 -7.34949 -0.00339841 0.611711 -0.791074 0 51 255
-120.468 -18.6017 -7.34949 -0.0832136 0.606034 -0.791074 0 51 255
-120.608 -18.6297 -7.34949 -0.161605 0.589987 -0.791074 0 51 255
-120.744 -18.6757 -7.34949 -0.237231 0.563846 -0.791074 0 51 255
-120.873 -18.7391 -7.34949 -0.308798 0.528058 -0.791074 0 51 255
-120.992 -18.8188 -7.34949 -0.375082 0.483234 -0.791074 0 51 255
-121.1 -18.9133 -7.34949 -0.434948 0.430142 -0.791074 0 51 255
-121.194 -19.021 -7.34949 -0.487371 0.36969 -0.791074 0 51 255
-121.274 -19.1402 -7.34949 -0.531456 0.302912 -0.791074 0 51 255
-121.337 -19.2688 -7.34949 -0.566447 0.230952 -0.791074 0 51 255
-121.383 -19.4045 -7.34949 -0.591747 0.15504 -0.791074 0 51 255
-121.411 -19.5451 -7.34949 -0.606921 0.0764749 -0.791074 0 51 255
-121.421 -19.6881 -7.34949 -0.611711 -0.00339841 -0.791074 0 51 255
-121.411 -19.8311 -7.34949 -0.606034 -0.0832136 -0.791074 0 51 255
-121.383 -19.9717 -7.34949 -0.589987 -0.161605 -0.791074 0 51 255
-121.337 -20.1074 -7.34949 -0.563846 -0.237231 -0.791074 0 51 255
-121.274 -20.236 -7.34949 -0.528058 -0.308798 -0.791074 0 51 255
-121.194 -20.3552 -7.34949 -0.483234 -0.375082 -0.791074 0 51 255
-121.1 -20.4629 -7.34949 -0.430142 -0.434948 -0.791074 0 51 255
-120.992 -20.5574 -7.34949 -0.36969 -0.487371 -0.791074 0 51 255
-120.873 -20.6371 -7.34949 -0.302912 -0.531456 -0.791074 0 51 255
-120.744 -20.7005 -7.34949 -0.230952 -0.566447 -0.791074 0 51 255
-120.608 -20.7465 -7.34949 -0.15504 -0.591747 -0.791074 0 51 255
-120.468 -20.7745 -7.34949 -0.0764749 -0.606921 -0.791074 0 51 255
-120.325 -20.7839 -7.34949 0.00339841 -0.611711 -0.791074 0 51 255
-120.182 -20.7745 -7.34949 0.0832136 -0.606034 -0.791074 0 51 255
-120.041 -20.7465 -7.34949 0.161605 -0.589987 -0.791074 0 51 255
-119.906 -20.7005 -7.34949 0.237231 -0.563846 -0.791074 0 51 255
-119.777 -20.6371 -7.34949 0.308798 -0.528058 -0.791074 0 51 255
-119.658 -20.5574 -7.34949 0.375082 -0.483234 -0.791074 0 51 255
-119.55 -20.4629 -7.34949 0.434948 -0.430142 -0.791074 0 51 255
-119.456 -20.3552 -7.34949 0.487371 -0.36969 -0.791074 0 51 255
-119.376 -20.236 -7.34949 0.531456 -0.302912 -0.791074 0 51 255
-119.313 -20.1074 -7.34949 0.566447 -0.230952 -0.791074 0 51 255
-119.266 -19.9717 -7.34949 0.591747 -0.15504 -0.791074 0 51 255
-119.238 -19.8311 -7.34949 0.606921 -0.0764749 -0.791074 0 51 255
-119.425 -19.6881 -7.4803 0.50428 0.00370969 -0.863532 0 51 255
-119.433 -19.5706 -7.4803 0.499482 0.0694997 -0.863532 0 51 255
-119.456 -19.4552 -7.4803 0.486137 0.134101 -0.863532 0 51 255
-119.493 -19.3437 -7.4803 0.464474 0.196407 -0.863532 0 51 255
-119.545 -19.2381 -7.4803 0.434865 0.255353 -0.863532 0 51 255
-119.611 -19.1402 -7.4803 0.397814 0.309929 -0.863532 0 51 255
-119.688 -19.0517 -7.4803 0.353957 0.359203 -0.863532 0 51 255
-119.777 -18.9741 -7.4803 0.304043 0.402331 -0.863532 0 51 255
-119.875 -18.9087 -7.4803 0.248927 0.438574 -0.863532 0 51 255
-119.98 -18.8566 -7.4803 0.189552 0.467314 -0.863532 0 51 255
-120.092 -18.8188 -7.4803 0.126934 0.488057 -0.863532 0 51 255
-120.207 -18.7958 -7.4803 0.0621438 0.50045 -0.863532 0 51 255
-120.325 -18.7881 -7.4803 -0.00370969 0.50428 -0.863532 0 51 255
-120.442 -18.7958 -7.4803 -0.0694997 0.499482 -0.863532 0 51 255
-120.558 -18.8188 -7.4803 -0.134101 0.486137 -0.863532 0 51 255
-120.669 -18.8566 -7.4803 -0.196407 0.464474 -0.863532 0 51 255
-120.775 -18.9087 -7.4803 -0.255353 0.434865 -0.863532 0 51 255
-120.873 -18.9741 -7.4803 -0.309929 0.397814 -0.863532 0 51 255
-120.961 -19.0517 -7.4803 -0.359203 0.353957 -0.863532 0 51 255
-121.039 -19.1402 -7.4803 -0.402331 0.304043 -0.863532 0 51 255
-121.104 -19.2381 -7.4803 -0.438574 0.248927 -0.863532 0 51 255
-121.156 -19.3437 -7.4803 -0.467314 0.189552 -0.863532 0 51 255
-121.194 -19.4552 -7.4803 -0.488057 0.126934 -0.863532 0 51 255
-121.217 -19.5706 -7.4803 -0.50045 0.0621438 -0.863532 0 51 255
-121.225 -19.6881 -7.4803 -0.50428 -0.00370969 -0.863532 0 51 255
-121.217 -19.8056 -7.4803 -0.499482 -0.0694997 -0.863532 0 51 255
-121.194 -19.921 -7.4803 -0.486137 -0.134101 -0.863532 0 51 255
-121.156 -20.0325 -7.4803 -0.464474 -0.196407 -0.863532 0 51 255
-121.104 -20.1381 -7.4803 -0.434865 -0.255353 -0.863532 0 51 255
-121.039 -20.236 -7.4803 -0.397814 -0.309929 -0.863532 0 51 255
-120.961 -20.3245 -7.4803 -0.353957 -0.359203 -0.863532 0 51 255
-120.873 -20.4021 -7.4803 -0.304043 -0.402331 -0.863532 0 51 255
-120.775 -20.4675 -7.4803 -0.248927 -0.438574 -0.863532 0 51 255
-120.669 -20.5196 -7.4803 -0.189552 -0.467314 -0.863532 0 51 255
-120.558 -20.5574 -7.4803 -0.126934 -0.488057 -0.863532 0 51 255
-120.442 -20.5804 -7.4803 -0.0621438 -0.50045 -0.863532 0 51 255
-120.325 -20.5881 -7.4803 0.00370969 -0.50428 -0.863532 0 51 255
-120.207 -20.5804 -7.4803 0.0694997 -0.499482 -0.863532 0 51 255
-120.092 -20.5574 -7.4803 0.134101 -0.486137 -0.863532 0 51 255
-119.98 -20.5196 -7.4803 0.196407 -0.464474 -0.863532 0 51 255
-119.875 -20.4675 -7.4803 0.255353 -0.434865 -0.863532 0 51 255
-119.777 -20.4021 -7.4803 0.309929 -0.397814 -0.863532 0 51 255
-119.688 -20.3245 -7.4803 0.359203 -0.353957 -0.863532 0 51 255
-119.611 -20.236 -7.4803 0.402331 -0.304043 -0.863532 0 51 255
-119.545 -20.1381 -7.4803 0.438574 -0.248927 -0.863532 0 51 255
-119.493 -20.0325 -7.4803 0.467314 -0.189552 -0.863532 0 51 255
-119.456 -19.921 -7.4803 0.488057 -0.126934 -0.863532 0 51 255
-119.433 -19.8056 -7.4803 0.50045 -0.0621438 -0.863532 0 51 255
-119.636 -19.6881 -7.58443 0.38905 0.00395746 -0.921208 0 51 255
-119.642 -19.5982 -7.58443 0.385205 0.0547048 -0.921208 0 51 255
-119.66 -19.5098 -7.58443 0.374769 0.104516 -0.921208 0 51 255
-119.688 -19.4245 -7.58443 0.357921 0.152539 -0.921208 0 51 255
-119.728 -19.3437 -7.58443 0.334948 0.197952 -0.921208 0 51 255
-119.778 -19.2688 -7.58443 0.306245 0.239978 -0.921208 0 51 255
-119.838 -19.201 -7.58443 0.272301 0.277898 -0.921208 0 51 255
-119.906 -19.1416 -7.58443 0.233699 0.311063 -0.921208 0 51 255
-119.98 -19.0916 -7.58443 0.191098 0.338906 -0.921208 0 51 255
-120.061 -19.0517 -7.58443 0.145227 0.36095 -0.921208 0 51 255
-120.147 -19.0227 -7.58443 0.0968709 0.376818 -0.921208 0 51 255
-120.235 -19.0052 -7.58443 0.0468576 0.386238 -0.921208 0 51 255
-120.325 -18.9993 -7.58443 -0.00395746 0.38905 -0.921208 0 51 255
-120.415 -19.0052 -7.58443 -0.0547048 0.385205 -0.921208 0 51 255
-120.503 -19.0227 -7.58443 -0.104516 0.374769 -0.921208 0 51 255
-120.588 -19.0517 -7.58443 -0.152539 0.357921 -0.921208 0 51 255
-120.669 -19.0916 -7.58443 -0.197952 0.334948 -0.921208 0 51 255
-120.744 -19.1416 -7.58443 -0.239978 0.306245 -0.921208 0 51 255
-120.812 -19.201 -7.58443 -0.277898 0.272301 -0.921208 0 51 255
-120.871 -19.2688 -7.58443 -0.311063 0.233699 -0.921208 0 51 255
-120.921 -19.3437 -7.58443 -0.338906 0.191098 -0.921208 0 51 255
-120.961 -19.4245 -7.58443 -0.36095 0.145227 -0.921208 0 51 255
-120.99 -19.5098 -7.58443 -0.376818 0.0968709 -0.921208 0 51 255
-121.008 -19.5982 -7.58443 -0.386238 0.0468576 -0.921208 0 51 255
-121.014 -19.6881 -7.58443 -0.38905 -0.00395746 -0.921208 0 51 255
-121.008 -19.778 -7.58443 -0.385205 -0.0547048 -0.921208 0 51 255
-120.99 -19.8664 -7.58443 -0.374769 -0.104516 -0.921208 0 51 255
-120.961 -19.9517 -7.58443 -0.357921 -0.152539 -0.921208 0 51 255
-120.921 -20.0325 -7.58443 -0.334948 -0.197952 -0.921208 0 51 255
-120.871 -20.1074 -7.58443 -0.306245 -0.239978 -0.921208 0 51 255
-120.812 -20.1752 -7.58443 -0.272301 -0.277898 -0.921208 0 51 255
-120.744 -20.2346 -7.58443 -0.233699 -0.311063 -0.921208 0 51 255
-120.669 -20.2846 -7.58443 -0.191098 -0.338906 -0.921208 0 51 255
-120.588 -20.3245 -7.58443 -0.145227 -0.36095 -0.921208 0 51 255
-120.503 -20.3535 -7.58443 -0.0968709 -0.376818 -0.921208 0 51 255
-120.415 -20.371 -7.58443 -0.0468576 -0.386238 -0.921208 0 51 255
-120.325 -20.3769 -7.58443 0.00395746 -0.38905 -0.921208 0 51 255
-120.235 -20.371 -7.58443 0.0547048 -0.385205 -0.921208 0 51 255
-120.147 -20.3535 -7.58443 0.104516 -0.374769 -0.921208 0 51 255
-120.061 -20.3245 -7.58443 0.152539 -0.357921 -0.921208 0 51 255
-119.98 -20.2846 -7.58443 0.197952 -0.334948 -0.921208 0 51 255
-119.906 -20.2346 -7.58443 0.239978 -0.306245 -0.921208 0 51 255
-119.838 -20.1752 -7.58443 0.277898 -0.272301 -0.921208 0 51 255
-119.778 -20.1074 -7.58443 0.311063 -0.233699 -0.921208 0 51 255
-119.728 -20.0325 -7.58443 0.338906 -0.191098 -0.921208 0 51 255
-119.688 -19.9517 -7.58443 0.36095 -0.145227 -0.921208 0 51 255
-119.66 -19.8664 -7.58443 0.376818 -0.0968709 -0.921208 0 51 255
-119.642 -19.778 -7.58443 0.386238 -0.0468576 -0.921208 0 51 255
-119.859 -19.6881 -7.66012 0.269111 0.00413743 -0.9631 0 51 255
-119.863 -19.6273 -7.66012 0.266269 0.0392281 -0.9631 0 51 255
-119.875 -19.5675 -7.66012 0.25887 0.0736475 -0.9631 0 51 255
-119.894 -19.5098 -7.66012 0.247043 0.106807 -0.9631 0 51 255
-119.921 -19.4552 -7.66012 0.230988 0.138139 -0.9631 0 51 255
-119.955 -19.4045 -7.66012 0.210981 0.167107 -0.9631 0 51 255
-119.995 -19.3587 -7.66012 0.187365 0.193216 -0.9631 0 51 255
-120.041 -19.3185 -7.66012 0.160542 0.216019 -0.9631 0 51 255
-120.092 -19.2846 -7.66012 0.130972 0.235126 -0.9631 0 51 255
-120.147 -19.2577 -7.66012 0.0991618 0.250209 -0.9631 0 51 255
-120.204 -19.2381 -7.66012 0.0656546 0.261012 -0.9631 0 51 255
-120.264 -19.2262 -7.66012 0.031024 0.267349 -0.9631 0 51 255
-120.325 -19.2222 -7.66012 -0.00413743 0.269111 -0.9631 0 51 255
-120.386 -19.2262 -7.66012 -0.0392281 0.266269 -0.9631 0 51 255
-120.445 -19.2381 -7.66012 -0.0736475 0.25887 -0.9631 0 51 255
-120.503 -19.2577 -7.66012 -0.106807 0.247043 -0.9631 0 51 255
-120.558 -19.2846 -7.66012 -0.138139 0.230988 -0.9631 0 51 255
-120.608 -19.3185 -7.66012 -0.167107 0.210981 -0.9631 0 51 255
-120.654 -19.3587 -7.66012 -0.193216 0.187365 -0.9631 0 51 255
-120.694 -19.4045 -7.66012 -0.216019 0.160542 -0.9631 0 51 255
-120.728 -19.4552 -7.66012 -0.235126 0.130972 -0.9631 0 51 255
-120.755 -19.5098 -7.66012 -0.250209 0.0991618 -0.9631 0 51 255
-120.775 -19.5675 -7.66012 -0.261012 0.0656546 -0.9631 0 51 255
-120.787 -19.6273 -7.66012 -0.267349 0.031024 -0.9631 0 51 255
-120.791 -19.6881 -7.66012 -0.269111 -0.00413743 -0.9631 0 51 255
-120.787 -19.7489 -7.66012 -0.266269 -0.0392281 -0.9631 0 51 255
-120.775 -19.8087 -7.66012 -0.25887 -0.0736475 -0.9631 0 51 255
-120.755 -19.8664 -7.66012 -0.247043 -0.106807 -0.9631 0 51 255
-120.728 -19.921 -7.66012 -0.230988 -0.138139 -0.9631 0 51 255
-120.694 -19.9717 -7.66012 -0.210981 -0.167107 -0.9631 0 51 255
-120.654 -20.0175 -7.66012 -0.187365 -0.193216 -0.9631 0 51 255
-120.608 -20.0577 -7.66012 -0.160542 -0.216019 -0.9631 0 51 255
-120.558 -20.0916 -7.66012 -0.130972 -0.235126 -0.9631 0 51 255
-120.503 -20.1185 -7.66012 -0.0991618 -0.250209 -0.9631 0 51 255
-120.445 -20.1381 -7.66012 -0.0656546 -0.261012 -0.9631 0 51 255
-120.386 -20.15 -7.66012 -0.031024 -0.267349 -0.9631 0 51 255
-120.325 -20.154 -7.66012 0.00413743 -0.269111 -0.9631 0 51 255
-120.264 -20.15 -7.66012 0.0392281 -0.266269 -0.9631 0 51 255
-120.204 -20.1381 -7.66012 0.0736475 -0.25887 -0.9631 0 51 255
-120.147 -20.1185 -7.66012 0.106807 -0.247043 -0.9631 0 51 255
-120.092 -20.0916 -7.66012 0.138139 -0.230988 -0.9631 0 51 255
-120.041 -20.0577 -7.66012 0.167107 -0.210981 -0.9631 0 51 255
-119.995 -20.0175 -7.66012 0.193216 -0.187365 -0.9631 0 51 255
-119.955 -19.9717 -7.66012 0.216019 -0.160542 -0.9631 0 51 255
-119.921 -19.921 -7.66012 0.235126 -0.130972 -0.9631 0 51 255
-119.894 -19.8664 -7.66012 0.250209 -0.0991618 -0.9631 0 51 255
-119.875 -19.8087 -7.66012 0.261012 -0.0656546 -0.9631 0 51 255
-119.863 -19.7489 -7.66012 0.267349 -0.031024 -0.9631 0 51 255
-120.09 -19.6881 -7.70605 0.152026 0.00424597 -0.988367 0 51 255
-120.092 -19.6574 -7.70605 0.150171 0.024053 -0.988367 0 51 255
-120.098 -19.6273 -7.70605 0.145747 0.0434485 -0.988367 0 51 255
-120.108 -19.5982 -7.70605 0.138829 0.0621006 -0.988367 0 51 255
-120.121 -19.5706 -7.70605 0.129535 0.0796901 -0.988367 0 51 255
-120.138 -19.5451 -7.70605 0.118026 0.0959161 -0.988367 0 51 255
-120.159 -19.522 -7.70605 0.104496 0.110501 -0.988367 0 51 255
-120.182 -19.5017 -7.70605 0.089179 0.123195 -0.988367 0 51 255
-120.207 -19.4846 -7.70605 0.0723359 0.133781 -0.988367 0 51 255
-120.235 -19.471 -7.70605 0.0542551 0.142079 -0.988367 0 51 255
-120.264 -19.4612 -7.70605 0.0352459 0.147945 -0.988367 0 51 255
-120.294 -19.4552 -7.70605 0.0156337 0.15128 -0.988367 0 51 255
-120.325 -19.4531 -7.70605 -0.00424597 0.152026 -0.988367 0 51 255
-120.356 -19.4552 -7.70605 -0.024053 0.150171 -0.988367 0 51 255
-120.386 -19.4612 -7.70605 -0.0434485 0.145747 -0.988367 0 51 255
-120.415 -19.471 -7.70605 -0.0621006 0.138829 -0.988367 0 51 255
-120.442 -19.4846 -7.70605 -0.0796901 0.129535 -0.988367 0 51 255
-120.468 -19.5017 -7.70605 -0.0959161 0.118026 -0.988367 0 51 255
-120.491 -19.522 -7.70605 -0.110501 0.104496 -0.988367 0 51 255
-120.511 -19.5451 -7.70605 -0.123195 0.089179 -0.988367 0 51 255
-120.528 -19.5706 -7.70605 -0.133781 0.0723359 -0.988367 0 51 255
-120.542 -19.5982 -7.70605 -0.142079 0.0542551 -0.988367 0 51 255
-120.552 -19.6273 -7.70605 -0.147945 0.0352459 -0.988367 0 51 255
-120.558 -19.6574 -7.70605 -0.15128 0.0156337 -0.988367 0 51 255
-120.56 -19.6881 -7.70605 -0.152026 -0.00424597 -0.988367 0 51 255
-120.558 -19.7188 -7.70605 -0.150171 -0.024053 -0.988367 0 51 255
-120.552 -19.7489 -7.70605 -0.145747 -0.0434485 -0.988367 0 51 255
-120.542 -19.778 -7.70605 -0.138829 -0.0621006 -0.988367 0 51 255
-120.528 -19.8056 -7.70605 -0.129535 -0.0796901 -0.988367 0 51 255
-120.511 -19.8311 -7.70605 -0.118026 -0.0959161 -0.988367 0 51 255
-120.491 -19.8542 -7.70605 -0.104496 -0.110501 -0.988367 0 51 255
-120.468 -19.8745 -7.70605 -0.089179 -0.123195 -0.988367 0 51 255
-120.442 -19.8916 -7.70605 -0.0723359 -0.133781 -0.988367 0 51 255
-120.415 -19.9052 -7.70605 -0.0542551 -0.142079 -0.988367 0 51 255
-120.386 -19.915 -7.70605 -0.0352459 -0.147945 -0.988367 0 51 255
-120.356 -19.921 -7.70605 -0.0156337 -0.15128 -0.988367 0 51 255
-120.325 -19.923 -7.70605 0.00424597 -0.152026 -0.988367 0 51 255
-120.294 -19.921 -7.70605 0.024053 -0.150171 -0.988367 0 51 255
-120.264 -19.915 -7.70605 0.0434485 -0.145747 -0.988367 0 51 255
-120.235 -19.9052 -7.70605 0.0621006 -0.138829 -0.988367 0 51 255
-120.207 -19.8916 -7.70605 0.0796901 -0.129535 -0.988367 0 51 255
-120.182 -19.8745 -7.70605 0.0959161 -0.118026 -0.988367 0 51 255
-120.159 -19.8542 -7.70605 0.110501 -0.104496 -0.988367 0 51 255
-120.138 -19.8311 -7.70605 0.123195 -0.089179 -0.988367 0 51 255
-120.121 -19.8056 -7.70605 0.133781 -0.0723359 -0.988367 0 51 255
-120.108 -19.778 -7.70605 0.142079 -0.0542551 -0.988367 0 51 255
-120.098 -19.7489 -7.70605 0.147945 -0.0352459 -0.988367 0 51 255
-120.092 -19.7188 -7.70605 0.15128 -0.0156337 -0.988367 0 51 255
-93.0381 -21.3853 -79.9159 0.345911 -0.0215156 -0.938021 255 140 0
-120.325 -19.6881 -5.92145 -0.345911 0.0215156 0.938021 255 140 0
-93.2708 -21.3553 -80.0024 -0.931968 0.0762657 -0.354429 255 140 0
-93.2551 -21.2921 -79.9981 -0.879623 0.331653 -0.340984 255 140 0
-93.2246 -21.2353 -79.9881 -0.767134 0.564427 -0.304841 255 140 0
-93.1814 -21.1886 -79.9733 -0.602167 0.758723 -0.248463 255 140 0
-93.1285 -21.1554 -79.9545 -0.395965 0.901301 -0.175693 255 140 0
-93.0694 -21.1379 -79.9331 -0.162579 0.982445 -0.0914892 255 140 0
-93.0081 -21.1372 -79.9105 0.082085 0.996624 -0.00159027 255 140 0
-92.9489 -21.1534 -79.8883 0.321354 0.942873 0.0878773 255 140 0
-92.8958 -21.1854 -79.868 0.538923 0.824854 0.170817 255 140 0
-92.8524 -21.2311 -79.851 0.719964 0.65061 0.241575 255 140 0
-92.8217 -21.2873 -79.8383 0.85214 0.432016 0.295331 255 140 0
-92.8057 -21.3501 -79.831 0.926442 0.183968 0.328421 255 140 0
-92.8055 -21.4153 -79.8294 0.937809 -0.076629 0.33859 255 140 0
-92.8212 -21.4785 -79.8338 0.885464 -0.332016 0.325145 255 140 0
-92.8517 -21.5354 -79.8437 0.772975 -0.56479 0.289002 255 140 0
-92.8949 -21.582 -79.8586 0.608008 -0.759086 0.232624 255 140 0
-92.9478 -21.6152 -79.8773 0.401806 -0.901664 0.159854 255 140 0
-93.0069 -21.6328 -79.8987 0.16842 -0.982808 0.0756501 255 140 0
-93.0682 -21.6335 -79.9213 -0.0762441 -0.996987 -0.0142488 255 140 0
-93.1274 -21.6172 -79.9435 -0.315513 -0.943236 -0.103716 255 140 0
-93.1805 -21.5852 -79.9638 -0.533082 -0.825217 -0.186656 255 140 0
-93.2239 -21.5396 -79.9809 -0.714123 -0.650973 -0.257414 255 140 0
-93.2546 -21.4834 -79.9935 -0.846299 -0.432379 -0.31117 255 140 0
-93.2706 -21.4206 -80.0008 -0.920601 -0.184331 -0.34426 255 140 0
-100.092 -20.931 -61.5038 -0.930552 0.12008 -0.345911 255 140 0
-100.077 -20.8678 -61.4994 -0.867765 0.372874 -0.328556 255 140 0
-100.046 -20.811 -61.4895 -0.745841 0.600258 -0.28881 255 140 0
-100.003 -20.7643 -61.4747 -0.57309 0.786735 -0.229382 255 140 0
-99.9501 -20.7311 -61.4559 -0.361283 0.919597 -0.154322 255 140 0
-99.891 -20.7136 -61.4345 -0.124856 0.98979 -0.0687459 255 140 0
-99.8298 -20.7129 -61.4119 0.12008 0.992531 0.0215156 255 140 0
-99.7706 -20.7291 -61.3897 0.356833 0.927632 0.110311 255 140 0
-99.7175 -20.7611 -61.3694 0.569268 0.799517 0.191589 255 140 0
-99.6741 -20.8068 -61.3524 0.742909 0.616916 0.25981 255 140 0
-99.6433 -20.863 -61.3397 0.865921 0.392273 0.310326 255 140 0
-99.6273 -20.9258 -61.3324 0.929923 0.140897 0.339693 255 140 0
-99.6272 -20.991 -61.3308 0.930552 -0.12008 0.345911 255 140 0
-99.6429 -21.0542 -61.3352 0.867765 -0.372874 0.328556 255 140 0
-99.6734 -21.1111 -61.3451 0.745841 -0.600258 0.28881 255 140 0
-99.7166 -21.1577 -61.36 0.57309 -0.786735 0.229382 255 140 0
-99.7695 -21.1909 -61.3787 0.361283 -0.919597 0.154322 255 140 0
-99.8286 -21.2085 -61.4001 0.124856 -0.98979 0.0687459 255 140 0
-99.8898 -21.2092 -61.4227 -0.12008 -0.992531 -0.0215156 255 140 0
-99.949 -21.1929 -61.4449 -0.356833 -0.927632 -0.110311 255 140 0
-100.002 -21.1609 -61.4652 -0.569268 -0.799517 -0.191589 255 140 0
-100.046 -21.1152 -61.4823 -0.742909 -0.616916 -0.25981 255 140 0
-100.076 -21.0591 -61.4949 -0.865921 -0.392273 -0.310326 255 140 0
-100.092 -20.9962 -61.5022 -0.929923 -0.140897 -0.339693 255 140 0
-106.914 -20.5067 -43.0052 -0.930552 0.12008 -0.345911 255 140 0
-106.898 -20.4435 -43.0008 -0.867765 0.372874 -0.328556 255 140 0
-106.868 -20.3866 -42.9909 -0.745841 0.600258 -0.28881 255 140 0
-106.825 -20.34 -42.976 -0.57309 0.786735 -0.229382 255 140 0
-106.772 -20.3068 -42.9573 -0.361283 0.919597 -0.154322 255 140 0
-106.713 -20.2893 -42.9359 -0.124856 0.98979 -0.0687459 255 140 0
-106.651 -20.2886 -42.9133 0.12008 0.992531 0.0215156 255 140 0
-106.592 -20.3048 -42.8911 0.356833 0.927632 0.110311 255 140 0
-106.539 -20.3368 -42.8708 0.569268 0.799517 0.191589 255 140 0
-106.496 -20.3825 -42.8537 0.742909 0.616916 0.25981 255 140 0
-106.465 -20.4386 -42.8411 0.865921 0.392273 0.310326 255 140 0
-106.449 -20.5015 -42.8338 0.929923 0.140897 0.339693 255 140 0
-106.449 -20.5667 -42.8322 0.930552 -0.12008 0.345911 255 140 0
-106.465 -20.6299 -42.8365 0.867765 -0.372874 0.328556 255 140 0
-106.495 -20.6868 -42.8465 0.745841 -0.600258 0.28881 255 140 0
-106.538 -20.7334 -42.8613 0.57309 -0.786735 0.229382 255 140 0
-106.591 -20.7666 -42.8801 0.361283 -0.919597 0.154322 255 140 0
-106.65 -20.7842 -42.9015 0.124856 -0.98979 0.0687459 255 140 0
-106.712 -20.7848 -42.9241 -0.12008 -0.992531 -0.0215156 255 140 0
-106.771 -20.7686 -42.9463 -0.356833 -0.927632 -0.110311 255 140 0
-106.824 -20.7366 -42.9666 -0.569268 -0.799517 -0.191589 255 140 0
-106.867 -20.6909 -42.9836 -0.742909 -0.616916 -0.25981 255 140 0
-106.898 -20.6348 -42.9963 -0.865921 -0.392273 -0.310326 255 140 0
-106.914 -20.5719 -43.0036 -0.929923 -0.140897 -0.339693 255 140 0
-113.736 -20.0824 -24.5065 -0.930552 0.12008 -0.345911 255 140 0
-113.72 -20.0192 -24.5022 -0.867765 0.372874 -0.328556 255 140 0
-113.69 -19.9623 -24.4923 -0.745841 0.600258 -0.28881 255 140 0
-113.646 -19.9157 -24.4774 -0.57309 0.786735 -0.229382 255 140 0
-113.594 -19.8825 -24.4586 -0.361283 0.919597 -0.154322 255 140 0
-113.534 -19.865 -24.4373 -0.124856 0.98979 -0.0687459 255 140 0
-113.473 -19.8643 -24.4147 0.12008 0.992531 0.0215156 255 140 0
-113.414 -19.8805 -24.3925 0.356833 0.927632 0.110311 255 140 0
-113.361 -19.9125 -24.3722 0.569268 0.799517 0.191589 255 140 0
-113.317 -19.9582 -24.3551 0.742909 0.616916 0.25981 255 140 0
-113.287 -20.0143 -24.3425 0.865921 0.392273 0.310326 255 140 0
-113.271 -20.0772 -24.3351 0.929923 0.140897 0.339693 255 140 0
-113.271 -20.1424 -24.3336 0.930552 -0.12008 0.345911 255 140 0
-113.286 -20.2056 -24.3379 0.867765 -0.372874 0.328556 255 140 0
-113.317 -20.2625 -24.3479 0.745841 -0.600258 0.28881 255 140 0
-113.36 -20.3091 -24.3627 0.57309 -0.786735 0.229382 255 140 0
-113.413 -20.3423 -24.3815 0.361283 -0.919597 0.154322 255 140 0
-113.472 -20.3599 -24.4029 0.124856 -0.98979 0.0687459 255 140 0
-113.533 -20.3605 -24.4254 -0.12008 -0.992531 -0.0215156 255 140 0
-113.592 -20.3443 -24.4476 -0.356833 -0.927632 -0.110311 255 140 0
-113.646 -20.3123 -24.468 -0.569268 -0.799517 -0.191589 255 140 0
-113.689 -20.2666 -24.485 -0.742909 -0.616916 -0.25981 255 140 0
-113.72 -20.2105 -24.4977 -0.865921 -0.392273 -0.310326 255 140 0
-113.736 -20.1476 -24.505 -0.929923 -0.140897 -0.339693 255 140 0
-120.558 -19.6581 -6.00793 -0.92728 0.163655 -0.336703 255 140 0
-120.542 -19.5949 -6.00359 -0.854176 0.413352 -0.315473 255 140 0
-120.511 -19.538 -5.99365 -0.723061 0.634892 -0.272203 255 140 0
-120.468 -19.4914 -5.9788 -0.54287 0.813178 -0.209844 255 140 0
-120.415 -19.4582 -5.96003 -0.325881 0.936059 -0.132644 255 140 0
-120.356 -19.4406 -5.93864 -0.0868838 0.995162 -0.0458655 255 140 0
-120.295 -19.44 -5.91607 0.157836 0.986459 0.0445786 255 140 0
-120.236 -19.4562 -5.89387 0.3916 0.910542 0.132524 255 140 0
-120.183 -19.4882 -5.87355 0.598478 0.772586 0.211979 255 140 0
-120.139 -19.5339 -5.8565 0.764372 0.581992 0.277527 255 140 0
-120.108 -19.59 -5.84387 0.877976 0.351748 0.324701 255 140 0
-120.092 -19.6529 -5.83653 0.931549 0.0975458 0.350288 255 140 0
-120.092 -19.7181 -5.83497 0.921439 -0.163292 0.352543 255 140 0
-120.108 -19.7813 -5.83931 0.848335 -0.412989 0.331312 255 140 0
-120.138 -19.8382 -5.84925 0.71722 -0.634529 0.288042 255 140 0
-120.182 -19.8848 -5.86411 0.537029 -0.812815 0.225683 255 140 0
-120.235 -19.918 -5.88287 0.32004 -0.935696 0.148483 255 140 0
-120.294 -19.9355 -5.90426 0.0810429 -0.994799 0.0617046 255 140 0
-120.355 -19.9362 -5.92683 -0.163677 -0.986095 -0.0287395 255 140 0
-120.414 -19.92 -5.94903 -0.397441 -0.910179 -0.116685 255 140 0
-120.467 -19.888 -5.96935 -0.604319 -0.772223 -0.19614 255 140 0
-120.511 -19.8423 -5.9864 -0.770213 -0.581628 -0.261688 255 140 0
-120.541 -19.7862 -5.99903 -0.883817 -0.351385 -0.308862 255 140 0
-120.557 -19.7233 -6.00637 -0.93739 -0.0971825 -0.334449 255 140 0
3 0 2 3
3 1 1059 1058
3 0 3 4
3 1 1060 1059
3 0 4 5
3 1 1061 1060
3 0 5 6
3 1 1062 1061
3 0 6 7
3 1 1063 1062
3 0 7 8
3 1 1064 1063
3 0 8 9
3 1 1065 1064
3 0 9 10
3 1 1066 1065
3 0 10 11
3 1 1067 1066
3 0 11 12
3 1 1068 1067
3 0 12 13
3 1 1069 1068
3 0 13 14
3 1 1070 1069
3 0 14 15
3 1 1071 1070
3 0 15 16
3 1 1072 1071
3 0 16 17
3 1 1073 1072
3 0 17 18
3 1 1074 1073
3 0 18 19
3 1 1075 1074
3 0 19 20
3 1 1076 1075
3 0 20 21
3 1 1077 1076
3 0 21 22
3 1 1078 1077
3 0 22 23
3 1 1079 1078
3 0 23 24
3 1 1080 1079
3 0 24 25
3 1 1081 1080
3 0 25 26
3 1 1082 1081
3 0 26 27
3 1 1083 1082
3 0 27 28
3 1 1084 1083
3 0 28 29
3 1 1085 1084
3 0 29 30
3 1 1086 1085
3 0 30 31
3 1 1087 1086
3 0 31 32
3 1 1088 1087
3 0 32 33
3 1 1089 1088
3 0 33 34
3 1 1090 1089
3 0 34 35
3 1 1091 1090
3 0 35 36
3 1 1092 1091
3 0 36 37
3 1 1093 1092
3 0 37 38
3 1 1094 1093
3 0 38 39
3 1 1095 1094
3 0 39 40
3 1 1096 1095
3 0 40 41
3 1 1097 1096
3 0 41 42
3 1 1098 1097
3 0 42 43
3 1 1099 1098
3 0 43 44
3 1 1100 1099
3 0 44 45
3 1 1101 1100
3 0 45 46
3 1 1102 1101
3 0 46 47
3 1 1103 1102
3 0 47 48
3 1 1104 1103
3 0 48 49
3 1 1105 1104
3 0 49 2
3 1 1058 1105
3 50 3 2
3 50 51 3
3 51 4 3
3 51 52 4
3 52 5 4
3 52 53 5
3 53 6 5
3 53 54 6
3 54 7 6
3 54 55 7
3 55 8 7
3 55 56 8
3 56 9 8
3 56 57 9
3 57 10 9
3 57 58 10
3 58 11 10
3 58 59 11
3 59 12 11
3 59 60 12
3 60 13 12
3 60 61 13
3 61 14 13
3 61 62 14
3 62 15 14
3 62 63 15
3 63 16 15
3 63 64 16
3 64 17 16
3 64 65 17
3 65 18 17
3 65 66 18
3 66 19 18
3 66 67 19
3 67 20 19
3 67 68 20
3 68 21 20
3 68 69 21
3 69 22 21
3 69 70 22
3 70 23 22
3 70 71 23
3 71 24 23
3 71 72 24
3 72 25 24
3 72 73 25
3 73 26 25
3 73 74 26
3 74 27 26
3 74 75 27
3 75 28 27
3 75 76 28
3 76 29 28
3 76 77 29
3 77 30 29
3 77 78 30
3 78 31 30
3 78 79 31
3 79 32 31
3 79 80 32
3 80 33 32
3 80 81 33
3 81 34 33
3 81 82 34
3 82 35 34
3 82 83 35
3 83 36 35
3 83 84 36
3 84 37 36
3 84 85 37
3 85 38 37
3 85 86 38
3 86 39 38
3 86 87 39
3 87 40 39
3 87 88 40
3 88 41 40
3 88 89 41
3 89 42 41
3 89 90 42
3 90 43 42
3 90 91 43
3 91 44 43
3 91 92 44
3 92 45 44
3 92 93 45
3 93 46 45
3 93 94 46
3 94 47 46
3 94 95 47
3 95 48 47
3 95 96 48
3 96 49 48
3 96 97 49
3 97 2 49
3 97 50 2
3 98 51 50
3 98 99 51
3 99 52 51
3 99 100 52
3 100 53 52
3 100 101 53
3 101 54 53
3 101 102 54
3 102 55 54
3 102 103 55
3 103 56 55
3 103 104 56
3 104 57 56
3 104 105 57
3 105 58 57
3 105 106 58
3 106 59 58
3 106 107 59
3 107 60 59
3 107 108 60
3 108 61 60
3 108 109 61
3 109 62 61
3 109 110 62
3 110 63 62
3 110 111 63
3 111 64 63
3 111 112 64
3 112 65 64
3 112 113 65
3 113 66 65
3 113 114 66
3 114 67 66
3 114 115 67
3 115 68 67
3 115 116 68
3 116 69 68
3 116 117 69
3 117 70 69
3 117 118 70
3 118 71 70
3 118 119 71
3 119 72 71
3 119 120 72
3 120 73 72
3 120 121 73
3 121 74 73
3 121 122 74
3 122 75 74
3 122 123 75
3 123 76 75
3 123 124 76
3 124 77 76
3 124 125 77
3 125 78 77
3 125 126 78
3 126 79 78
3 126 127 79
3 127 80 79
3 127 128 80
3 128 81 80
3 128 129 81
3 129 82 81
3 129 130 82
3 130 83 82
3 130 131 83
3 131 84 83
3 131 132 84
3 132 85 84
3 132 133 85
3 133 86 85
3 133 134 86
3 134 87 86
3 134 135 87
3 135 88 87
3 135 136 88
3 136 89 88
3 136 137 89
3 137 90 89
3 137 138 90
3 138 91 90
3 138 139 91
3 139 92 91
3 139 140 92
3 140 93 92
3 140 141 93
3 141 94 93
3 141 142 94
3 142 95 94
3 142 143 95
3 143 96 95
3 143 144 96
3 144 97 96
3 144 145 97
3 145 50 97
3 145 98 50
3 146 99 98
3 146 147 99
3 147 100 99
3 147 148 100
3 148 101 100
3 148 149 101
3 149 102 101
3 149 150 102
3 150 103 102
3 150 151 103
3 151 104 103
3 151 152 104
3 152 105 104
3 152 153 105
3 153 106 105
3 153 154 106
3 154 107 106
3 154 155 107
3 155 108 107
3 155 156 108
3 156 109 108
3 156 157 109
3 157 110 109
3 157 158 110
3 158 111 110
3 158 159 111
3 159 112 111
3 159 160 112
3 160 113 112
3 160 161 113
3 161 114 113
3 161 162 114
3 162 115 114
3 162 163 115
3 163 116 115
3 163 164 116
3 164 117 116
3 164 165 117
3 165 118 117
3 165 166 118
3 166 119 118
3 166 167 119
3 167 120 119
3 167 168 120
3 168 121 120
3 168 169 121
3 169 122 121
3 169 170 122
3 170 123 122
3 170 171 123
3 171 124 123
3 171 172 124
3 172 125 124
3 172 173 125
3 173 126 125
3 173 174 126
3 174 127 126
3 174 175 127
3 175 128 127
3 175 176 128
3 176 129 128
3 176 177 129
3 177 130 129
3 177 178 130
3 178 131 130
3 178 179 131
3 179 132 131
3 179 180 132
3 180 133 132
3 180 181 133
3 181 134 133
3 181 182 134
3 182 135 134
3 182 183 135
3 183 136 135
3 183 184 136
3 184 137 136
3 184 185 137
3 185 138 137
3 185 186 138
3 186 139 138
3 186 187 139
3 187 140 139
3 187 188 140
3 188 141 140
3 188 189 141
3 189 142 141
3 189 190 142
3 190 143 142
3 190 191 143
3 191 144 143
3 191 192 144
3 192 145 144
3 192 193 145
3 193 98 145
3 193 146 98
3 194 147 146
3 194 195 147
3 195 148 147
3 195 196 148
3 196 149 148
3 196 197 149
3 197 150 149
3 197 198 150
3 198 151 150
3 198 199 151
3 199 152 151
3 199 200 152
3 200 153 152
3 200 201 153
3 201 154 153
3 201 202 154
3 202 155 154
3 202 203 155
3 203 156 155
3 203 204 156
3 204 157 156
3 204 205 157
3 205 158 157
3 205 206 158
3 206 159 158
3 206 207 159
3 207 160 159
3 207 208 160
3 208 161 160
3 208 209 161
3 209 162 161
3 209 210 162
3 210 163 162
3 210 211 163
3 211 164 163
3 211 212 164
3 212 165 164
3 212 213 165
3 213 166 165
3 213 214 166
3 214 167 166
3 214 215 167
3 215 168 167
3 215 216 168
3 216 169 168
3 216 217 169
3 217 170 169
3 217 218 170
3 218 171 170
3 218 219 171
3 219 172 171
3 219 220 172
3 220 173 172
3 220 221 173
3 221 174 173
3 221 222 174
3 222 175 174
3 222 223 175
3 223 176 175
3 223 224 176
3 224 177 176
3 224 225 177
3 225 178 177
3 225 226 178
3 226 179 178
3 226 227 179
3 227 180 179
3 227 228 180
3 228 181 180
3 228 229 181
3 229 182 181
3 229 230 182
3 230 183 182
3 230 231 183
3 231 184 183
3 231 232 184
3 232 185 184
3 232 233 185
3 233 186 185
3 233 234 186
3 234 187 186
3 234 235 187
3 235 188 187
3 235 236 188
3 236 189 188
3 236 237 189
3 237 190 189
3 237 238 190
3 238 191 190
3 238 239 191
3 239 192 191
3 239 240 192
3 240 193 192
3 240 241 193
3 241 146 193
3 241 194 146
3 242 195 194
3 242 243 195
3 243 196 195
3 243 244 196
3 244 197 196
3 244 245 197
3 245 198 197
3 245 246 198
3 246 199 198
3 246 247 199
3 247 200 199
3 247 248 200
3 248 201 200
3 248 249 201
3 249 202 201
3 249 250 202
3 250 203 202
3 250 251 203
3 251 204 203
3 251 252 204
3 252 205 204
3 252 253 205
3 253 206 205
3 253 254 206
3 254 207 206
3 254 255 207
3 255 208 207
3 255 256 208
3 256 209 208
3 256 257 209
3 257 210 209
3 257 258 210
3 258 211 210
3 258 259 211
3 259 212 211
3 259 260 212
3 260 213 212
3 260 261 213
3 261 214 213
3 261 262 214
3 262 215 214
3 262 263 215
3 263 216 215
3 263 264 216
3 264 217 216
3 264 265 217
3 265 218 217
3 265 266 218
3 266 219 218
3 266 267 219
3 267 220 219
3 267 268 220
3 268 221 220
3 268 269 221
3 269 222 221
3 269 270 222
3 270 223 222
3 270 271 223
3 271 224 223
3 271 272 224
3 272 225 224
3 272 273 225
3 273 226 225
3 273 274 226
3 274 227 226
3 274 275 227
3 275 228 227
3 275 276 228
3 276 229 228
3 276 277 229
3 277 230 229
3 277 278 230
3 278 231 230
3 278 279 231
3 279 232 231
3 279 280 232
3 280 233 232
3 280 281 233
3 281 234 233
3 281 282 234
3 282 235 234
3 282 283 235
3 283 236 235
3 283 284 236
3 284 237 236
3 284 285 237
3 285 238 237
3 285 286 238
3 286 239 238
3 286 287 239
3 287 240 239
3 287 288 240
3 288 241 240
3 288 289 241
3 289 194 241
3 289 242 194
3 290 243 242
3 290 291 243
3 291 244 243
3 291 292 244
3 292 245 244
3 292 293 245
3 293 246 245
3 293 294 246
3 294 247 246
3 294 295 247
3 295 248 247
3 295 296 248
3 296 249 248
3 296 297 249
3 297 250 249
3 297 298 250
3 298 251 250
3 298 299 251
3 299 252 251
3 299 300 252
3 300 253 252
3 300 301 253
3 301 254 253
3 301 302 254
3 302 255 254
3 302 303 255
3 303 256 255
3 303 304 256
3 304 257 256
3 304 305 257
3 305 258 257
3 305 306 258
3 306 259 258
3 306 307 259
3 307 260 259
3 307 308 260
3 308 261 260
3 308 309 261
3 309 262 261
3 309 310 262
3 310 263 262
3 310 311 263
3 311 264 263
3 311 312 264
3 312 265 264
3 312 313 265
3 313 266 265
3 313 314 266
3 314 267 266
3 314 315 267
3 315 268 267
3 315 316 268
3 316 269 268
3 316 317 269
3 317 270 269
3 317 318 270
3 318 271 270
3 318 319 271
3 319 272 271
3 319 320 272
3 320 273 272
3 320 321 273
3 321 274 273
3 321 322 274
3 322 275 274
3 322 323 275
3 323 276 275
3 323 324 276
3 324 277 276
3 324 325 277
3 325 278 277
3 325 326 278
3 326 279 278
3 326 327 279
3 327 280 279
3 327 328 280
3 328 281 280
3 328 329 281
3 329 282 281
3 329 330 282
3 330 283 282
3 330 331 283
3 331 284 283
3 331 332 284
3 332 285 284
3 332 333 285
3 333 286 285
3 333 334 286
3 334 287 286
3 334 335 287
3 335 288 287
3 335 336 288
3 336 289 288
3 336 337 289
3 337 242 289
3 337 290 242
3 338 291 290
3 338 339 291
3 339 292 291
3 339 340 292
3 340 293 292
3 340 341 293
3 341 294 293
3 341 342 294
3 342 295 294
3 342 343 295
3 343 296 295
3 343 344 296
3 344 297 296
3 344 345 297
3 345 298 297
3 345 346 298
3 346 299 298
3 346 347 299
3 347 300 299
3 347 348 300
3 348 301 300
3 348 349 301
3 349 302 301
3 349 350 302
3 350 303 302
3 350 351 303
3 351 304 303
3 351 352 304
3 352 305 304
3 352 353 305
3 353 306 305
3 353 354 306
3 354 307 306
3 354 355 307
3 355 308 307
3 355 356 308
3 356 309 308
3 356 357 309
3 357 310 309
3 357 358 310
3 358 311 310
3 358 359 311
3 359 312 311
3 359 360 312
3 360 313 312
3 360 361 313
3 361 314 313
3 361 362 314
3 362 315 314
3 362 363 315
3 363 316 315
3 363 364 316
3 364 317 316
3 364 365 317
3 365 318 317
3 365 366 318
3 366 319 318
3 366 367 319
3 367 320 319
3 367 368 320
3 368 321 320
3 368 369 321
3 369 322 321
3 369 370 322
3 370 323 322
3 370 371 323
3 371 324 323
3 371 372 324
3 372 325 324
3 372 373 325
3 373 326 325
3 373 374 326
3 374 327 326
3 374 375 327
3 375 328 327
3 375 376 328
3 376 329 328
3 376 377 329
3 377 330 329
3 377 378 330
3 378 331 330
3 378 379 331
3 379 332 331
3 379 380 332
3 380 333 332
3 380 381 333
3 381 334 333
3 381 382 334
3 382 335 334
3 382 383 335
3 383 336 335
3 383 384 336
3 384 337 336
3 384 385 337
3 385 290 337
3 385 338 290
3 386 339 338
3 386 387 339
3 387 340 339
3 387 388 340
3 388 341 340
3 388 389 341
3 389 342 341
3 389 390 342
3 390 343 342
3 390 391 343
3 391 344 343
3 391 392 344
3 392 345 344
3 392 393 345
3 393 346 345
3 393 394 346
3 394 347 346
3 394 395 347
3 395 348 347
3 395 396 348
3 396 349 348
3 396 397 349
3 397 350 349
3 397 398 350
3 398 351 350
3 398 399 351
3 399 352 351
3 399 400 352
3 400 353 352
3 400 401 353
3 401 354 353
3 401 402 354
3 402 355 354
3 402 403 355
3 403 356 355
3 403 404 356
3 404 357 356
3 404 405 357
3 405 358 357
3 405 406 358
3 406 359 358
3 406 407 359
3 407 360 359
3 407 408 360
3 408 361 360
3 408 409 361
3 409 362 361
3 409 410 362
3 410 363 362
3 410 411 363
3 411 364 363
3 411 412 364
3 412 365 364
3 412 413 365
3 413 366 365
3 413 414 366
3 414 367 366
3 414 415 367
3 415 368 367
3 415 416 368
3 416 369 368
3 416 417 369
3 417 370 369
3 417 418 370
3 418 371 370
3 418 419 371
3 419 372 371
3 419 420 372
3 420 373 372
3 420 421 373
3 421 374 373
3 421 422 374
3 422 375 374
3 422 423 375
3 423 376 375
3 423 424 376
3 424 377 376
3 424 425 377
3 425 378 377
3 425 426 378
3 426 379 378
3 426 427 379
3 427 380 379
3 427 428 380
3 428 381 380
3 428 429 381
3 429 382 381
3 429 430 382
3 430 383 382
3 430 431 383
3 431 384 383
3 431 432 384
3 432 385 384
3 432 433 385
3 433 338 385
3 433 386 338
3 434 387 386
3 434 435 387
3 435 388 387
3 435 436 388
3 436 389 388
3 436 437 389
3 437 390 389
3 437 438 390
3 438 391 390
3 438 439 391
3 439 392 391
3 439 440 392
3 440 393 392
3 440 441 393
3 441 394 393
3 441 442 394
3 442 395 394
3 442 443 395
3 443 396 395
3 443 444 396
3 444 397 396
3 444 445 397
3 445 398 397
3 445 446 398
3 446 399 398
3 446 447 399
3 447 400 399
3 447 448 400
3 448 401 400
3 448 449 401
3 449 402 401
3 449 450 402
3 450 403 402
3 450 451 403
3 451 404 403
3 451 452 404
3 452 405 404
3 452 453 405
3 453 406 405
3 453 454 406
3 454 407 406
3 454 455 407
3 455 408 407
3 455 456 408
3 456 409 408
3 456 457 409
3 457 410 409
3 457 458 410
3 458 411 410
3 458 459 411
3 459 412 411
3 459 460 412
3 460 413 412
3 460 461 413
3 461 414 413
3 461 462 414
3 462 415 414
3 462 463 415
3 463 416 415
3 463 464 416
3 464 417 416
3 464 465 417
3 465 418 417
3 465 466 418
3 466 419 418
3 466 467 419
3 467 420 419
3 467 468 420
3 468 421 420
3 468 469 421
3 469 422 421
3 469 470 422
3 470 423 422
3 470 471 423
3 471 424 423
3 471 472 424
3 472 425 424
3 472 473 425
3 473 426 425
3 473 474 426
3 474 427 426
3 474 475 427
3 475 428 427
3 475 476 428
3 476 429 428
3 476 477 429
3 477 430 429
3 477 478 430
3 478 431 430
3 478 479 431
3 479 432 431
3 479 480 432
3 480 433 432
3 480 481 433
3 481 386 433
3 481 434 386
3 482 435 434
3 482 483 435
3 483 436 435
3 483 484 436
3 484 437 436
3 484 485 437
3 485 438 437
3 485 486 438
3 486 439 438
3 486 487 439
3 487 440 439
3 487 488 440
3 488 441 440
3 488 489 441
3 489 442 441
3 489 490 442
3 490 443 442
3 490 491 443
3 491 444 443
3 491 492 444
3 492 445 444
3 492 493 445
3 493 446 445
3 493 494 446
3 494 447 446
3 494 495 447
3 495 448 447
3 495 496 448
3 496 449 448
3 496 497 449
3 497 450 449
3 497 498 450
3 498 451 450
3 498 499 451
3 499 452 451
3 499 500 452
3 500 453 452
3 500 501 453
3 501 454 453
3 501 502 454
3 502 455 454
3 502 503 455
3 503 456 455
3 503 504 456
3 504 457 456
3 504 505 457
3 505 458 457
3 505 506 458
3 506 459 458
3 506 507 459
3 507 460 459
3 507 508 460
3 508 461 460
3 508 509 461
3 509 462 461
3 509 510 462
3 510 463 462
3 510 511 463
3 511 464 463
3 511 512 464
3 512 465 464
3 512 513 465
3 513 466 465
3 513 514 466
3 514 467 466
3 514 515 467
3 515 468 467
3 515 516 468
3 516 469 468
3 516 517 469
3 517 470 469
3 517 518 470
3 518 471 470
3 518 519 471
3 519 472 471
3 519 520 472
3 520 473 472
3 520 521 473
3 521 474 473
3 521 522 474
3 522 475 474
3 522 523 475
3 523 476 475
3 523 524 476
3 524 477 476
3 524 525 477
3 525 478 477
3 525 526 478
3 526 479 478
3 526 527 479
3 527 480 479
3 527 528 480
3 528 481 480
3 528 529 481
3 529 434 481
3 529 482 434
3 530 483 482
3 530 531 483
3 531 484 483
3 531 532 484
3 532 485 484
3 532 533 485
3 533 486 485
3 533 534 486
3 534 487 486
3 534 535 487
3 535 488 487
3 535 536 488
3 536 489 488
3 536 537 489
3 537 490 489
3 537 538 490
3 538 491 490
3 538 539 491
3 539 492 491
3 539 540 492
3 540 493 492
3 540 541 493
3 541 494 493
3 541 542 494
3 542 495 494
3 542 543 495
3 543 496 495
3 543 544 496
3 544 497 496
3 544 545 497
3 545 498 497
3 545 546 498
3 546 499 498
3 546 547 499
3 547 500 499
3 547 548 500
3 548 501 500
3 548 549 501
3 549 502 501
3 549 550 502
3 550 503 502
3 550 551 503
3 551 504 503
3 551 552 504
3 552 505 504
3 552 553 505
3 553 506 505
3 553 554 506
3 554 507 506
3 554 555 507
3 555 508 507
3 555 556 508
3 556 509 508
3 556 557 509
3 557 510 509
3 557 558 510
3 558 511 510
3 558 559 511
3 559 512 511
3 559 560 512
3 560 513 512
3 560 561 513
3 561 514 513
3 561 562 514
3 562 515 514
3 562 563 515
3 563 516 515
3 563 564 516
3 564 517 516
3 564 565 517
3 565 518 517
3 565 566 518
3 566 519 518
3 566 567 519
3 567 520 519
3 567 568 520
3 568 521 520
3 568 569 521
3 569 522 521
3 569 570 522
3 570 523 522
3 570 571 523
3 571 524 523
3 571 572 524
3 572 525 524
3 572 573 525
3 573 526 525
3 573 574 526
3 574 527 526
3 574 575 527
3 575 528 527
3 575 576 528
3 576 529 528
3 576 577 529
3 577 482 529
3 577 530 482
3 578 531 530
3 578 579 531
3 579 532 531
3 579 580 532
3 580 533 532
3 580 581 533
3 581 534 533
3 581 582 534
3 582 535 534
3 582 583 535
3 583 536 535
3 583 584 536
3 584 537 536
3 584 585 537
3 585 538 537
3 585 586 538
3 586 539 538
3 586 587 539
3 587 540 539
3 587 588 540
3 588 541 540
3 588 589 541
3 589 542 541
3 589 590 542
3 590 543 542
3 590 591 543
3 591 544 543
3 591 592 544
3 592 545 544
3 592 593 545
3 593 546 545
3 593 594 546
3 594 547 546
3 594 595 547
3 595 548 547
3 595 596 548
3 596 549 548
3 596 597 549
3 597 550 549
3 597 598 550
3 598 551 550
3 598 599 551
3 599 552 551
3 599 600 552
3 600 553 552
3 600 601 553
3 601 554 553
3 601 602 554
3 602 555 554
3 602 603 555
3 603 556 555
3 603 604 556
3 604 557 556
3 604 605 557
3 605 558 557
3 605 606 558
3 606 559 558
3 606 607 559
3 607 560 559
3 607 608 560
3 608 561 560
3 608 609 561
3 609 562 561
3 609 610 562
3 610 563 562
3 610 611 563
3 611 564 563
3 611 612 564
3 612 565 564
3 612 613 565
3 613 566 565
3 613 614 566
3 614 567 566
3 614 615 567
3 615 568 567
3 615 616 568
3 616 569 568
3 616 617 569
3 617 570 569
3 617 618 570
3 618 571 570
3 618 619 571
3 619 572 571
3 619 620 572
3 620 573 572
3 620 621 573
3 621 574 573
3 621 622 574
3 622 575 574
3 622 623 575
3 623 576 575
3 623 624 576
3 624 577 576
3 624 625 577
3 625 530 577
3 625 578 530
3 626 579 578
3 626 627 579
3 627 580 579
3 627 628 580
3 628 581 580
3 628 629 581
3 629 582 581
3 629 630 582
3 630 583 582
3 630 631 583
3 631 584 583
3 631 632 584
3 632 585 584
3 632 633 585
3 633 586 585
3 633 634 586
3 634 587 586
3 634 635 587
3 635 588 587
3 635 636 588
3 636 589 588
3 636 637 589
3 637 590 589
3 637 638 590
3 638 591 590
3 638 639 591
3 639 592 591
3 639 640 592
3 640 593 592
3 640 641 593
3 641 594 593
3 641 642 594
3 642 595 594
3 642 643 595
3 643 596 595
3 643 644 596
3 644 597 596
3 644 645 597
3 645 598 597
3 645 646 598
3 646 599 598
3 646 647 599
3 647 600 599
3 647 648 600
3 648 601 600
3 648 649 601
3 649 602 601
3 649 650 602
3 650 603 602
3 650 651 603
3 651 604 603
3 651 652 604
3 652 605 604
3 652 653 605
3 653 606 605
3 653 654 606
3 654 607 606
3 654 655 607
3 655 608 607
3 655 656 608
3 656 609 608
3 656 657 609
3 657 610 609
3 657 658 610
3 658 611 610
3 658 659 611
3 659 612 611
3 659 660 612
3 660 613 612
3 660 661 613
3 661 614 613
3 661 662 614
3 662 615 614
3 662 663 615
3 663 616 615
3 663 664 616
3 664 617 616
3 664 665 617
3 665 618 617
3 665 666 618
3 666 619 618
3 666 667 619
3 667 620 619
3 667 668 620
3 668 621 620
3 668 669 621
3 669 622 621
3 669 670 622
3 670 623 622
3 670 671 623
3 671 624 623
3 671 672 624
3 672 625 624
3 672 673 625
3 673 578 625
3 673 626 578
3 674 627 626
3 674 675 627
3 675 628 627
3 675 676 628
3 676 629 628
3 676 677 629
3 677 630 629
3 677 678 630
3 678 631 630
3 678 679 631
3 679 632 631
3 679 680 632
3 680 633 632
3 680 681 633
3 681 634 633
3 681 682 634
3 682 635 634
3 682 683 635
3 683 636 635
3 683 684 636
3 684 637 636
3 684 685 637
3 685 638 637
3 685 686 638
3 686 639 638
3 686 687 639
3 687 640 639
3 687 688 640
3 688 641 640
3 688 689 641
3 689 642 641
3 689 690 642
3 690 643 642
3 690 691 643
3 691 644 643
3 691 692 644
3 692 645 644
3 692 693 645
3 693 646 645
3 693 694 646
3 694 647 646
3 694 695 647
3 695 648 647
3 695 696 648
3 696 649 648
3 696 697 649
3 697 650 649
3 697 698 650
3 698 651 650
3 698 699 651
3 699 652 651
3 699 700 652
3 700 653 652
3 700 701 653
3 701 654 653
3 701 702 654
3 702 655 654
3 702 703 655
3 703 656 655
3 703 704 656
3 704 657 656
3 704 705 657
3 705 658 657
3 705 706 658
3 706 659 658
3 706 707 659
3 707 660 659
3 707 708 660
3 708 661 660
3 708 709 661
3 709 662 661
3 709 710 662
3 710 663 662
3 710 711 663
3 711 664 663
3 711 712 664
3 712 665 664
3 712 713 665
3 713 666 665
3 713 714 666
3 714 667 666
3 714 715 667
3 715 668 667
3 715 716 668
3 716 669 668
3 716 717 669
3 717 670 669
3 717 718 670
3 718 671 670
3 718 719 671
3 719 672 671
3 719 720 672
3 720 673 672
3 720 721 673
3 721 626 673
3 721 674 626
3 722 675 674
3 722 723 675
3 723 676 675
3 723 724 676
3 724 677 676
3 724 725 677
3 725 678 677
3 725 726 678
3 726 679 678
3 726 727 679
3 727 680 679
3 727 728 680
3 728 681 680
3 728 729 681
3 729 682 681
3 729 730 682
3 730 683 682
3 730 731 683
3 731 684 683
3 731 732 684
3 732 685 684
3 732 733 685
3 733 686 685
3 733 734 686
3 734 687 686
3 734 735 687
3 735 688 687
3 735 736 688
3 736 689 688
3 736 737 689
3 737 690 689
3 737 738 690
3 738 691 690
3 738 739 691
3 739 692 691
3 739 740 692
3 740 693 692
3 740 741 693
3 741 694 693
3 741 742 694
3 742 695 694
3 742 743 695
3 743 696 695
3 743 744 696
3 744 697 696
3 744 745 697
3 745 698 697
3 745 746 698
3 746 699 698
3 746 747 699
3 747 700 699
3 747 748 700
3 748 701 700
3 748 749 701
3 749 702 701
3 749 750 702
3 750 703 702
3 750 751 703
3 751 704 703
3 751 752 704
3 752 705 704
3 752 753 705
3 753 706 705
3 753 754 706
3 754 707 706
3 754 755 707
3 755 708 707
3 755 756 708
3 756 709 708
3 756 757 709
3 757 710 709
3 757 758 710
3 758 711 710
3 758 759 711
3 759 712 711
3 759 760 712
3 760 713 712
3 760 761 713
3 761 714 713
3 761 762 714
3 762 715 714
3 762 763 715
3 763 716 715
3 763 764 716
3 764 717 716
3 764 765 717
3 765 718 717
3 765 766 718
3 766 719 718
3 766 767 719
3 767 720 719
3 767 768 720
3 768 721 720
3 768 769 721
3 769 674 721
3 769 722 674
3 770 723 722
3 770 771 723
3 771 724 723
3 771 772 724
3 772 725 724
3 772 773 725
3 773 726 725
3 773 774 726
3 774 727 726
3 774 775 727
3 775 728 727
3 775 776 728
3 776 729 728
3 776 777 729
3 777 730 729
3 777 778 730
3 778 731 730
3 778 779 731
3 779 732 731
3 779 780 732
3 780 733 732
3 780 781 733
3 781 734 733
3 781 782 734
3 782 735 734
3 782 783 735
3 783 736 735
3 783 784 736
3 784 737 736
3 784 785 737
3 785 738 737
3 785 786 738
3 786 739 738
3 786 787 739
3 787 740 739
3 787 788 740
3 788 741 740
3 788 789 741
3 789 742 741
3 789 790 742
3 790 743 742
3 790 791 743
3 791 744 743
3 791 792 744
3 792 745 744
3 792 793 745
3 793 746 745
3 793 794 746
3 794 747 746
3 794 795 747
3 795 748 747
3 795 796 748
3 796 749 748
3 796 797 749
3 797 750 749
3 797 798 750
3 798 751 750
3 798 799 751
3 799 752 751
3 799 800 752
3 800 753 752
3 800 801 753
3 801 754 753
3 801 802 754
3 802 755 754
3 802 803 755
3 803 756 755
3 803 804 756
3 804 757 756
3 804 805 757
3 805 758 757
3 805 806 758
3 806 759 758
3 806 807 759
3 807 760 759
3 807 808 760
3 808 761 760
3 808 809 761
3 809 762 761
3 809 810 762
3 810 763 762
3 810 811 763
3 811 764 763
3 811 812 764
3 812 765 764
3 812 813 765
3 813 766 765
3 813 814 766
3 814 767 766
3 814 815 767
3 815 768 767
3 815 816 768
3 816 769 768
3 816 817 769
3 817 722 769
3 817 770 722
3 818 771 770
3 818 819 771
3 819 772 771
3 819 820 772
3 820 773 772
3 820 821 773
3 821 774 773
3 821 822 774
3 822 775 774
3 822 823 775
3 823 776 775
3 823 824 776
3 824 777 776
3 824 825 777
3 825 778 777
3 825 826 778
3 826 779 778
3 826 827 779
3 827 780 779
3 827 828 780
3 828 781 780
3 828 829 781
3 829 782 781
3 829 830 782
3 830 783 782
3 830 831 783
3 831 784 783
3 831 832 784
3 832 785 784
3 832 833 785
3 833 786 785
3 833 834 786
3 834 787 786
3 834 835 787
3 835 788 787
3 835 836 788
3 836 789 788
3 836 837 789
3 837 790 789
3 837 838 790
3 838 791 790
3 838 839 791
3 839 792 791
3 839 840 792
3 840 793 792
3 840 841 793
3 841 794 793
3 841 842 794
3 842 795 794
3 842 843 795
3 843 796 795
3 843 844 796
3 844 797 796
3 844 845 797
3 845 798 797
3 845 846 798
3 846 799 798
3 846 847 799
3 847 800 799
3 847 848 800
3 848 801 800
3 848 849 801
3 849 802 801
3 849 850 802
3 850 803 802
3 850 851 803
3 851 804 803
3 851 852 804
3 852 805 804
3 852 853 805
3 853 806 805
3 853 854 806
3 854 807 806
3 854 855 807
3 855 808 807
3 855 856 808
3 856 809 808
3 856 857 809
3 857 810 809
3 857 858 810
3 858 811 810
3 858 859 811
3 859 812 811
3 859 860 812
3 860 813 812
3 860 861 813
3 861 814 813
3 861 862 814
3 862 815 814
3 862 863 815
3 863 816 815
3 863 864 816
3 864 817 816
3 864 865 817
3 865 770 817
3 865 818 770
3 866 819 818
3 866 867 819
3 867 820 819
3 867 868 820
3 868 821 820
3 868 869 821
3 869 822 821
3 869 870 822
3 870 823 822
3 870 871 823
3 871 824 823
3 871 872 824
3 872 825 824
3 872 873 825
3 873 826 825
3 873 874 826
3 874 827 826
3 874 875 827
3 875 828 827
3 875 876 828
3 876 829 828
3 876 877 829
3 877 830 829
3 877 878 830
3 878 831 830
3 878 879 831
3 879 832 831
3 879 880 832
3 880 833 832
3 880 881 833
3 881 834 833
3 881 882 834
3 882 835 834
3 882 883 835
3 883 836 835
3 883 884 836
3 884 837 836
3 884 885 837
3 885 838 837
3 885 886 838
3 886 839 838
3 886 887 839
3 887 840 839
3 887 888 840
3 888 841 840
3 888 889 841
3 889 842 841
3 889 890 842
3 890 843 842
3 890 891 843
3 891 844 843
3 891 892 844
3 892 845 844
3 892 893 845
3 893 846 845
3 893 894 846
3 894 847 846
3 894 895 847
3 895 848 847
3 895 896 848
3 896 849 848
3 896 897 849
3 897 850 849
3 897 898 850
3 898 851 850
3 898 899 851
3 899 852 851
3 899 900 852
3 900 853 852
3 900 901 853
3 901 854 853
3 901 902 854
3 902 855 854
3 902 903 855
3 903 856 855
3 903 904 856
3 904 857 856
3 904 905 857
3 905 858 857
3 905 906 858
3 906 859 858
3 906 907 859
3 907 860 859
3 907 908 860
3 908 861 860
3 908 909 861
3 909 862 861
3 909 910 862
3 910 863 862
3 910 911 863
3 911 864 863
3 911 912 864
3 912 865 864
3 912 913 865
3 913 818 865
3 913 866 818
3 914 867 866
3 914 915 867
3 915 868 867
3 915 916 868
3 916 869 868
3 916 917 869
3 917 870 869
3 917 918 870
3 918 871 870
3 918 919 871
3 919 872 871
3 919 920 872
3 920 873 872
3 920 921 873
3 921 874 873
3 921 922 874
3 922 875 874
3 922 923 875
3 923 876 875
3 923 924 876
3 924 877 876
3 924 925 877
3 925 878 877
3 925 926 878
3 926 879 878
3 926 927 879
3 927 880 879
3 927 928 880
3 928 881 880
3 928 929 881
3 929 882 881
3 929 930 882
3 930 883 882
3 930 931 883
3 931 884 883
3 931 932 884
3 932 885 884
3 932 933 885
3 933 886 885
3 933 934 886
3 934 887 886
3 934 935 887
3 935 888 887
3 935 936 888
3 936 889 888
3 936 937 889
3 937 890 889
3 937 938 890
3 938 891 890
3 938 939 891
3 939 892 891
3 939 940 892
3 940 893 892
3 940 941 893
3 941 894 893
3 941 942 894
3 942 895 894
3 942 943 895
3 943 896 895
3 943 944 896
3 944 897 896
3 944 945 897
3 945 898 897
3 945 946 898
3 946 899 898
3 946 947 899
3 947 900 899
3 947 948 900
3 948 901 900
3 948 949 901
3 949 902 901
3 949 950 902
3 950 903 902
3 950 951 903
3 951 904 903
3 951 952 904
3 952 905 904
3 952 953 905
3 953 906 905
3 953 954 906
3 954 907 906
3 954 955 907
3 955 908 907
3 955 956 908
3 956 909 908
3 956 957 909
3 957 910 909
3 957 958 910
3 958 911 910
3 958 959 911
3 959 912 911
3 959 960 912
3 960 913 912
3 960 961 913
3 961 866 913
3 961 914 866
3 962 915 914
3 962 963 915
3 963 916 915
3 963 964 916
3 964 917 916
3 964 965 917
3 965 918 917
3 965 966 918
3 966 919 918
3 966 967 919
3 967 920 919
3 967 968 920
3 968 921 920
3 968 969 921
3 969 922 921
3 969 970 922
3 970 923 922
3 970 971 923
3 971 924 923
3 971 972 924
3 972 925 924
3 972 973 925
3 973 926 925
3 973 974 926
3 974 927 926
3 974 975 927
3 975 928 927
3 975 976 928
3 976 929 928
3 976 977 929
3 977 930 929
3 977 978 930
3 978 931 930
3 978 979 931
3 979 932 931
3 979 980 932
3 980 933 932
3 980 981 933
3 981 934 933
3 981 982 934
3 982 935 934
3 982 983 935
3 983 936 935
3 983 984 936
3 984 937 936
3 984 985 937
3 985 938 937
3 985 986 938
3 986 939 938
3 986 987 939
3 987 940 939
3 987 988 940
3 988 941 940
3 988 989 941
3 989 942 941
3 989 990 942
3 990 943 942
3 990 991 943
3 991 944 943
3 991 992 944
3 992 945 944
3 992 993 945
3 993 946 945
3 993 994 946
3 994 947 946
3 994 995 947
3 995 948 947
3 995 996 948
3 996 949 948
3 996 997 949
3 997 950 949
3 997 998 950
3 998 951 950
3 998 999 951
3 999 952 951
3 999 1000 952
3 1000 953 952
3 1000 1001 953
3 1001 954 953
3 1001 1002 954
3 1002 955 954
3 1002 1003 955
3 1003 956 955
3 1003 1004 956
3 1004 957 956
3 1004 1005 957
3 1005 958 957
3 1005 1006 958
3 1006 959 958
3 1006 1007 959
3 1007 960 959
3 1007 1008 960
3 1008 961 960
3 1008 1009 961
3 1009 914 961
3 1009 962 914
3 1010 963 962
3 1010 1011 963
3 1011 964 963
3 1011 1012 964
3 1012 965 964
3 1012 1013 965
3 1013 966 965
3 1013 1014 966
3 1014 967 966
3 1014 1015 967
3 1015 968 967
3 1015 1016 968
3 1016 969 968
3 1016 1017 969
3 1017 970 969
3 1017 1018 970
3 1018 971 970
3 1018 1019 971
3 1019 972 971
3 1019 1020 972
3 1020 973 972
3 1020 1021 973
3 1021 974 973
3 1021 1022 974
3 1022 975 974
3 1022 1023 975
3 1023 976 975
3 1023 1024 976
3 1024 977 976
3 1024 1025 977
3 1025 978 977
3 1025 1026 978
3 1026 979 978
3 1026 1027 979
3 1027 980 979
3 1027 1028 980
3 1028 981 980
3 1028 1029 981
3 1029 982 981
3 1029 1030 982
3 1030 983 982
3 1030 1031 983
3 1031 984 983
3 1031 1032 984
3 1032 985 984
3 1032 1033 985
3 1033 986 985
3 1033 1034 986
3 1034 987 986
3 1034 1035 987
3 1035 988 987
3 1035 1036 988
3 1036 989 988
3 1036 1037 989
3 1037 990 989
3 1037 1038 990
3 1038 991 990
3 1038 1039 991
3 1039 992 991
3 1039 1040 992
3 1040 993 992
3 1040 1041 993
3 1041 994 993
3 1041 1042 994
3 1042 995 994
3 1042 1043 995
3 1043 996 995
3 1043 1044 996
3 1044 997 996
3 1044 1045 997
3 1045 998 997
3 1045 1046 998
3 1046 999 998
3 1046 1047 999
3 1047 1000 999
3 1047 1048 1000
3 1048 1001 1000
3 1048 1049 1001
3 1049 1002 1001
3 1049 1050 1002
3 1050 1003 1002
3 1050 1051 1003
3 1051 1004 1003
3 1051 1052 1004
3 1052 1005 1004
3 1052 1053 1005
3 1053 1006 1005
3 1053 1054 1006
3 1054 1007 1006
3 1054 1055 1007
3 1055 1008 1007
3 1055 1056 1008
3 1056 1009 1008
3 1056 1057 1009
3 1057 962 1009
3 1057 1010 962
3 1058 1011 1010
3 1058 1059 1011
3 1059 1012 1011
3 1059 1060 1012
3 1060 1013 1012
3 1060 1061 1013
3 1061 1014 1013
3 1061 1062 1014
3 1062 1015 1014
3 1062 1063 1015
3 1063 1016 1015
3 1063 1064 1016
3 1064 1017 1016
3 1064 1065 1017
3 1065 1018 1017
3 1065 1066 1018
3 1066 1019 1018
3 1066 1067 1019
3 1067 1020 1019
3 1067 1068 1020
3 1068 1021 1020
3 1068 1069 1021
3 1069 1022 1021
3 1069 1070 1022
3 1070 1023 1022
3 1070 1071 1023
3 1071 1024 1023
3 1071 1072 1024
3 1072 1025 1024
3 1072 1073 1025
3 1073 1026 1025
3 1073 1074 1026
3 1074 1027 1026
3 1074 1075 1027
3 1075 1028 1027
3 1075 1076 1028
3 1076 1029 1028
3 1076 1077 1029
3 1077 1030 1029
3 1077 1078 1030
3 1078 1031 1030
3 1078 1079 1031
3 1079 1032 1031
3 1079 1080 1032
3 1080 1033 1032
3 1080 1081 1033
3 1081 1034 1033
3 1081 1082 1034
3 1082 1035 1034
3 1082 1083 1035
3 1083 1036 1035
3 1083 1084 1036
3 1084 1037 1036
3 1084 1085 1037
3 1085 1038 1037
3 1085 1086 1038
3 1086 1039 1038
3 1086 1087 1039
3 1087 1040 1039
3 1087 1088 1040
3 1088 1041 1040
3 1088 1089 1041
3 1089 1042 1041
3 1089 1090 1042
3 1090 1043 1042
3 1090 1091 1043
3 1091 1044 1043
3 1091 1092 1044
3 1092 1045 1044
3 1092 1093 1045
3 1093 1046 1045
3 1093 1094 1046
3 1094 1047 1046
3 1094 1095 1047
3 1095 1048 1047
3 1095 1096 1048
3 1096 1049 1048
3 1096 1097 1049
3 1097 1050 1049
3 1097 1098 1050
3 1098 1051 1050
3 1098 1099 1051
3 1099 1052 1051
3 1099 1100 1052
3 1100 1053 1052
3 1100 1101 1053
3 1101 1054 1053
3 1101 1102 1054
3 1102 1055 1054
3 1102 1103 1055
3 1103 1056 1055
3 1103 1104 1056
3 1104 1057 1056
3 1104 1105 1057
3 1105 1010 1057
3 1105 1058 1010
3 1106 1108 1109
3 1107 2165 2164
3 1106 1109 1110
3 1107 2166 2165
3 1106 1110 1111
3 1107 2167 2166
3 1106 1111 1112
3 1107 2168 2167
3 1106 1112 1113
3 1107 2169 2168
3 1106 1113 1114
3 1107 2170 2169
3 1106 1114 1115
3 1107 2171 2170
3 1106 1115 1116
3 1107 2172 2171
3 1106 1116 1117
3 1107 2173 2172
3 1106 1117 1118
3 1107 2174 2173
3 1106 1118 1119
3 1107 2175 2174
3 1106 1119 1120
3 1107 2176 2175
3 1106 1120 1121
3 1107 2177 2176
3 1106 1121 1122
3 1107 2178 2177
3 1106 1122 1123
3 1107 2179 2178
3 1106 1123 1124
3 1107 2180 2179
3 1106 1124 1125
3 1107 2181 2180
3 1106 1125 1126
3 1107 2182 2181
3 1106 1126 1127
3 1107 2183 2182
3 1106 1127 1128
3 1107 2184 2183
3 1106 1128 1129
3 1107 2185 2184
3 1106 1129 1130
3 1107 2186 2185
3 1106 1130 1131
3 1107 2187 2186
3 1106 1131 1132
3 1107 2188 2187
3 1106 1132 1133
3 1107 2189 2188
3 1106 1133 1134
3 1107 2190 2189
3 1106 1134 1135
3 1107 2191 2190
3 1106 1135 1136
3 1107 2192 2191
3 1106 1136 1137
3 1107 2193 2192
3 1106 1137 1138
3 1107 2194 2193
3 1106 1138 1139
3 1107 2195 2194
3 1106 1139 1140
3 1107 2196 2195
3 1106 1140 1141
3 1107 2197 2196
3 1106 1141 1142
3 1107 2198 2197
3 1106 1142 1143
3 1107 2199 2198
3 1106 1143 1144
3 1107 2200 2199
3 1106 1144 1145
3 1107 2201 2200
3 1106 1145 1146
3 1107 2202 2201
3 1106 1146 1147
3 1107 2203 2202
3 1106 1147 1148
3 1107 2204 2203
3 1106 1148 1149
3 1107 2205 2204
3 1106 1149 1150
3 1107 2206 2205
3 1106 1150 1151
3 1107 2207 2206
3 1106 1151 1152
3 1107 2208 2207
3 1106 1152 1153
3 1107 2209 2208
3 1106 1153 1154
3 1107 2210 2209
3 1106 1154 1155
3 1107 2211 2210
3 1106 1155 1108
3 1107 2164 2211
3 1156 1109 1108
3 1156 1157 1109
3 1157 1110 1109
3 1157 1158 1110
3 1158 1111 1110
3 1158 1159 1111
3 1159 1112 1111
3 1159 1160 1112
3 1160 1113 1112
3 1160 1161 1113
3 1161 1114 1113
3 1161 1162 1114
3 1162 1115 1114
3 1162 1163 1115
3 1163 1116 1115
3 1163 1164 1116
3 1164 1117 1116
3 1164 1165 1117
3 1165 1118 1117
3 1165 1166 1118
3 1166 1119 1118
3 1166 1167 1119
3 1167 1120 1119
3 1167 1168 1120
3 1168 1121 1120
3 1168 1169 1121
3 1169 1122 1121
3 1169 1170 1122
3 1170 1123 1122
3 1170 1171 1123
3 1171 1124 1123
3 1171 1172 1124
3 1172 1125 1124
3 1172 1173 1125
3 1173 1126 1125
3 1173 1174 1126
3 1174 1127 1126
3 1174 1175 1127
3 1175 1128 1127
3 1175 1176 1128
3 1176 1129 1128
3 1176 1177 1129
3 1177 1130 1129
3 1177 1178 1130
3 1178 1131 1130
3 1178 1179 1131
3 1179 1132 1131
3 1179 1180 1132
3 1180 1133 1132
3 1180 1181 1133
3 1181 1134 1133
3 1181 1182 1134
3 1182 1135 1134
3 1182 1183 1135
3 1183 1136 1135
3 1183 1184 1136
3 1184 1137 1136
3 1184 1185 1137
3 1185 1138 1137
3 1185 1186 1138
3 1186 1139 1138
3 1186 1187 1139
3 1187 1140 1139
3 1187 1188 1140
3 1188 1141 1140
3 1188 1189 1141
3 1189 1142 1141
3 1189 1190 1142
3 1190 1143 1142
3 1190 1191 1143
3 1191 1144 1143
3 1191 1192 1144
3 1192 1145 1144
3 1192 1193 1145
3 1193 1146 1145
3 1193 1194 1146
3 1194 1147 1146
3 1194 1195 1147
3 1195 1148 1147
3 1195 1196 1148
3 1196 1149 1148
3 1196 1197 1149
3 1197 1150 1149
3 1197 1198 1150
3 1198 1151 1150
3 1198 1199 1151
3 1199 1152 1151
3 1199 1200 1152
3 1200 1153 1152
3 1200 1201 1153
3 1201 1154 1153
3 1201 1202 1154
3 1202 1155 1154
3 1202 1203 1155
3 1203 1108 1155
3 1203 1156 1108
3 1204 1157 1156
3 1204 1205 1157
3 1205 1158 1157
3 1205 1206 1158
3 1206 1159 1158
3 1206 1207 1159
3 1207 1160 1159
3 1207 1208 1160
3 1208 1161 1160
3 1208 1209 1161
3 1209 1162 1161
3 1209 1210 1162
3 1210 1163 1162
3 1210 1211 1163
3 1211 1164 1163
3 1211 1212 1164
3 1212 1165 1164
3 1212 1213 1165
3 1213 1166 1165
3 1213 1214 1166
3 1214 1167 1166
3 1214 1215 1167
3 1215 1168 1167
3 1215 1216 1168
3 1216 1169 1168
3 1216 1217 1169
3 1217 1170 1169
3 1217 1218 1170
3 1218 1171 1170
3 1218 1219 1171
3 1219 1172 1171
3 1219 1220 1172
3 1220 1173 1172
3 1220 1221 1173
3 1221 1174 1173
3 1221 1222 1174
3 1222 1175 1174
3 1222 1223 1175
3 1223 1176 1175
3 1223 1224 1176
3 1224 1177 1176
3 1224 1225 1177
3 1225 1178 1177
3 1225 1226 1178
3 1226 1179 1178
3 1226 1227 1179
3 1227 1180 1179
3 1227 1228 1180
3 1228 1181 1180
3 1228 1229 1181
3 1229 1182 1181
3 1229 1230 1182
3 1230 1183 1182
3 1230 1231 1183
3 1231 1184 1183
3 1231 1232 1184
3 1232 1185 1184
3 1232 1233 1185
3 1233 1186 1185
3 1233 1234 1186
3 1234 1187 1186
3 1234 1235 1187
3 1235 1188 1187
3 1235 1236 1188
3 1236 1189 1188
3 1236 1237 1189
3 1237 1190 1189
3 1237 1238 1190
3 1238 1191 1190
3 1238 1239 1191
3 1239 1192 1191
3 1239 1240 1192
3 1240 1193 1192
3 1240 1241 1193
3 1241 1194 1193
3 1241 1242 1194
3 1242 1195 1194
3 1242 1243 1195
3 1243 1196 1195
3 1243 1244 1196
3 1244 1197 1196
3 1244 1245 1197
3 1245 1198 1197
3 1245 1246 1198
3 1246 1199 1198
3 1246 1247 1199
3 1247 1200 1199
3 1247 1248 1200
3 1248 1201 1200
3 1248 1249 1201
3 1249 1202 1201
3 1249 1250 1202
3 1250 1203 1202
3 1250 1251 1203
3 1251 1156 1203
3 1251 1204 1156
3 1252 1205 1204
3 1252 1253 1205
3 1253 1206 1205
3 1253 1254 1206
3 1254 1207 1206
3 1254 1255 1207
3 1255 1208 1207
3 1255 1256 1208
3 1256 1209 1208
3 1256 1257 1209
3 1257 1210 1209
3 1257 1258 1210
3 1258 1211 1210
3 1258 1259 1211
3 1259 1212 1211
3 1259 1260 1212
3 1260 1213 1212
3 1260 1261 1213
3 1261 1214 1213
3 1261 1262 1214
3 1262 1215 1214
3 1262 1263 1215
3 1263 1216 1215
3 1263 1264 1216
3 1264 1217 1216
3 1264 1265 1217
3 1265 1218 1217
3 1265 1266 1218
3 1266 1219 1218
3 1266 1267 1219
3 1267 1220 1219
3 1267 1268 1220
3 1268 1221 1220
3 1268 1269 1221
3 1269 1222 1221
3 1269 1270 1222
3 1270 1223 1222
3 1270 1271 1223
3 1271 1224 1223
3 1271 1272 1224
3 1272 1225 1224
3 1272 1273 1225
3 1273 1226 1225
3 1273 1274 1226
3 1274 1227 1226
3 1274 1275 1227
3 1275 1228 1227
3 1275 1276 1228
3 1276 1229 1228
3 1276 1277 1229
3 1277 1230 1229
3 1277 1278 1230
3 1278 1231 1230
3 1278 1279 1231
3 1279 1232 1231
3 1279 1280 1232
3 1280 1233 1232
3 1280 1281 1233
3 1281 1234 1233
3 1281 1282 1234
3 1282 1235 1234
3 1282 1283 1235
3 1283 1236 1235
3 1283 1284 1236
3 1284 1237 1236
3 1284 1285 1237
3 1285 1238 1237
3 1285 1286 1238
3 1286 1239 1238
3 1286 1287 1239
3 1287 1240 1239
3 1287 1288 1240
3 1288 1241 1240
3 1288 1289 1241
3 1289 1242 1241
3 1289 1290 1242
3 1290 1243 1242
3 1290 1291 1243
3 1291 1244 1243
3 1291 1292 1244
3 1292 1245 1244
3 1292 1293 1245
3 1293 1246 1245
3 1293 1294 1246
3 1294 1247 1246
3 1294 1295 1247
3 1295 1248 1247
3 1295 1296 1248
3 1296 1249 1248
3 1296 1297 1249
3 1297 1250 1249
3 1297 1298 1250
3 1298 1251 1250
3 1298 1299 1251
3 1299 1204 1251
3 1299 1252 1204
3 1300 1253 1252
3 1300 1301 1253
3 1301 1254 1253
3 1301 1302 1254
3 1302 1255 1254
3 1302 1303 1255
3 1303 1256 1255
3 1303 1304 1256
3 1304 1257 1256
3 1304 1305 1257
3 1305 1258 1257
3 1305 1306 1258
3 1306 1259 1258
3 1306 1307 1259
3 1307 1260 1259
3 1307 1308 1260
3 1308 1261 1260
3 1308 1309 1261
3 1309 1262 1261
3 1309 1310 1262
3 1310 1263 1262
3 1310 1311 1263
3 1311 1264 1263
3 1311 1312 1264
3 1312 1265 1264
3 1312 1313 1265
3 1313 1266 1265
3 1313 1314 1266
3 1314 1267 1266
3 1314 1315 1267
3 1315 1268 1267
3 1315 1316 1268
3 1316 1269 1268
3 1316 1317 1269
3 1317 1270 1269
3 1317 1318 1270
3 1318 1271 1270
3 1318 1319 1271
3 1319 1272 1271
3 1319 1320 1272
3 1320 1273 1272
3 1320 1321 1273
3 1321 1274 1273
3 1321 1322 1274
3 1322 1275 1274
3 1322 1323 1275
3 1323 1276 1275
3 1323 1324 1276
3 1324 1277 1276
3 1324 1325 1277
3 1325 1278 1277
3 1325 1326 1278
3 1326 1279 1278
3 1326 1327 1279
3 1327 1280 1279
3 1327 1328 1280
3 1328 1281 1280
3 1328 1329 1281
3 1329 1282 1281
3 1329 1330 1282
3 1330 1283 1282
3 1330 1331 1283
3 1331 1284 1283
3 1331 1332 1284
3 1332 1285 1284
3 1332 1333 1285
3 1333 1286 1285
3 1333 1334 1286
3 1334 1287 1286
3 1334 1335 1287
3 1335 1288 1287
3 1335 1336 1288
3 1336 1289 1288
3 1336 1337 1289
3 1337 1290 1289
3 1337 1338 1290
3 1338 1291 1290
3 1338 1339 1291
3 1339 1292 1291
3 1339 1340 1292
3 1340 1293 1292
3 1340 1341 1293
3 1341 1294 1293
3 1341 1342 1294
3 1342 1295 1294
3 1342 1343 1295
3 1343 1296 1295
3 1343 1344 1296
3 1344 1297 1296
3 1344 1345 1297
3 1345 1298 1297
3 1345 1346 1298
3 1346 1299 1298
3 1346 1347 1299
3 1347 1252 1299
3 1347 1300 1252
3 1348 1301 1300
3 1348 1349 1301
3 1349 1302 1301
3 1349 1350 1302
3 1350 1303 1302
3 1350 1351 1303
3 1351 1304 1303
3 1351 1352 1304
3 1352 1305 1304
3 1352 1353 1305
3 1353 1306 1305
3 1353 1354 1306
3 1354 1307 1306
3 1354 1355 1307
3 1355 1308 1307
3 1355 1356 1308
3 1356 1309 1308
3 1356 1357 1309
3 1357 1310 1309
3 1357 1358 1310
3 1358 1311 1310
3 1358 1359 1311
3 1359 1312 1311
3 1359 1360 1312
3 1360 1313 1312
3 1360 1361 1313
3 1361 1314 1313
3 1361 1362 1314
3 1362 1315 1314
3 1362 1363 1315
3 1363 1316 1315
3 1363 1364 1316
3 1364 1317 1316
3 1364 1365 1317
3 1365 1318 1317
3 1365 1366 1318
3 1366 1319 1318
3 1366 1367 1319
3 1367 1320 1319
3 1367 1368 1320
3 1368 1321 1320
3 1368 1369 1321
3 1369 1322 1321
3 1369 1370 1322
3 1370 1323 1322
3 1370 1371 1323
3 1371 1324 1323
3 1371 1372 1324
3 1372 1325 1324
3 1372 1373 1325
3 1373 1326 1325
3 1373 1374 1326
3 1374 1327 1326
3 1374 1375 1327
3 1375 1328 1327
3 1375 1376 1328
3 1376 1329 1328
3 1376 1377 1329
3 1377 1330 1329
3 1377 1378 1330
3 1378 1331 1330
3 1378 1379 1331
3 1379 1332 1331
3 1379 1380 1332
3 1380 1333 1332
3 1380 1381 1333
3 1381 1334 1333
3 1381 1382 1334
3 1382 1335 1334
3 1382 1383 1335
3 1383 1336 1335
3 1383 1384 1336
3 1384 1337 1336
3 1384 1385 1337
3 1385 1338 1337
3 1385 1386 1338
3 1386 1339 1338
3 1386 1387 1339
3 1387 1340 1339
3 1387 1388 1340
3 1388 1341 1340
3 1388 1389 1341
3 1389 1342 1341
3 1389 1390 1342
3 1390 1343 1342
3 1390 1391 1343
3 1391 1344 1343
3 1391 1392 1344
3 1392 1345 1344
3 1392 1393 1345
3 1393 1346 1345
3 1393 1394 1346
3 1394 1347 1346
3 1394 1395 1347
3 1395 1300 1347
3 1395 1348 1300
3 1396 1349 1348
3 1396 1397 1349
3 1397 1350 1349
3 1397 1398 1350
3 1398 1351 1350
3 1398 1399 1351
3 1399 1352 1351
3 1399 1400 1352
3 1400 1353 1352
3 1400 1401 1353
3 1401 1354 1353
3 1401 1402 1354
3 1402 1355 1354
3 1402 1403 1355
3 1403 1356 1355
3 1403 1404 1356
3 1404 1357 1356
3 1404 1405 1357
3 1405 1358 1357
3 1405 1406 1358
3 1406 1359 1358
3 1406 1407 1359
3 1407 1360 1359
3 1407 1408 1360
3 1408 1361 1360
3 1408 1409 1361
3 1409 1362 1361
3 1409 1410 1362
3 1410 1363 1362
3 1410 1411 1363
3 1411 1364 1363
3 1411 1412 1364
3 1412 1365 1364
3 1412 1413 1365
3 1413 1366 1365
3 1413 1414 1366
3 1414 1367 1366
3 1414 1415 1367
3 1415 1368 1367
3 1415 1416 1368
3 1416 1369 1368
3 1416 1417 1369
3 1417 1370 1369
3 1417 1418 1370
3 1418 1371 1370
3 1418 1419 1371
3 1419 1372 1371
3 1419 1420 1372
3 1420 1373 1372
3 1420 1421 1373
3 1421 1374 1373
3 1421 1422 1374
3 1422 1375 1374
3 1422 1423 1375
3 1423 1376 1375
3 1423 1424 1376
3 1424 1377 1376
3 1424 1425 1377
3 1425 1378 1377
3 1425 1426 1378
3 1426 1379 1378
3 1426 1427 1379
3 1427 1380 1379
3 1427 1428 1380
3 1428 1381 1380
3 1428 1429 1381
3 1429 1382 1381
3 1429 1430 1382
3 1430 1383 1382
3 1430 1431 1383
3 1431 1384 1383
3 1431 1432 1384
3 1432 1385 1384
3 1432 1433 1385
3 1433 1386 1385
3 1433 1434 1386
3 1434 1387 1386
3 1434 1435 1387
3 1435 1388 1387
3 1435 1436 1388
3 1436 1389 1388
3 1436 1437 1389
3 1437 1390 1389
3 1437 1438 1390
3 1438 1391 1390
3 1438 1439 1391
3 1439 1392 1391
3 1439 1440 1392
3 1440 1393 1392
3 1440 1441 1393
3 1441 1394 1393
3 1441 1442 1394
3 1442 1395 1394
3 1442 1443 1395
3 1443 1348 1395
3 1443 1396 1348
3 1444 1397 1396
3 1444 1445 1397
3 1445 1398 1397
3 1445 1446 1398
3 1446 1399 1398
3 1446 1447 1399
3 1447 1400 1399
3 1447 1448 1400
3 1448 1401 1400
3 1448 1449 1401
3 1449 1402 1401
3 1449 1450 1402
3 1450 1403 1402
3 1450 1451 1403
3 1451 1404 1403
3 1451 1452 1404
3 1452 1405 1404
3 1452 1453 1405
3 1453 1406 1405
3 1453 1454 1406
3 1454 1407 1406
3 1454 1455 1407
3 1455 1408 1407
3 1455 1456 1408
3 1456 1409 1408
3 1456 1457 1409
3 1457 1410 1409
3 1457 1458 1410
3 1458 1411 1410
3 1458 1459 1411
3 1459 1412 1411
3 1459 1460 1412
3 1460 1413 1412
3 1460 1461 1413
3 1461 1414 1413
3 1461 1462 1414
3 1462 1415 1414
3 1462 1463 1415
3 1463 1416 1415
3 1463 1464 1416
3 1464 1417 1416
3 1464 1465 1417
3 1465 1418 1417
3 1465 1466 1418
3 1466 1419 1418
3 1466 1467 1419
3 1467 1420 1419
3 1467 1468 1420
3 1468 1421 1420
3 1468 1469 1421
3 1469 1422 1421
3 1469 1470 1422
3 1470 1423 1422
3 1470 1471 1423
3 1471 1424 1423
3 1471 1472 1424
3 1472 1425 1424
3 1472 1473 1425
3 1473 1426 1425
3 1473 1474 1426
3 1474 1427 1426
3 1474 1475 1427
3 1475 1428 1427
3 1475 1476 1428
3 1476 1429 1428
3 1476 1477 1429
3 1477 1430 1429
3 1477 1478 1430
3 1478 1431 1430
3 1478 1479 1431
3 1479 1432 1431
3 1479 1480 1432
3 1480 1433 1432
3 1480 1481 1433
3 1481 1434 1433
3 1481 1482 1434
3 1482 1435 1434
3 1482 1483 1435
3 1483 1436 1435
3 1483 1484 1436
3 1484 1437 1436
3 1484 1485 1437
3 1485 1438 1437
3 1485 1486 1438
3 1486 1439 1438
3 1486 1487 1439
3 1487 1440 1439
3 1487 1488 1440
3 1488 1441 1440
3 1488 1489 1441
3 1489 1442 1441
3 1489 1490 1442
3 1490 1443 1442
3 1490 1491 1443
3 1491 1396 1443
3 1491 1444 1396
3 1492 1445 1444
3 1492 1493 1445
3 1493 1446 1445
3 1493 1494 1446
3 1494 1447 1446
3 1494 1495 1447
3 1495 1448 1447
3 1495 1496 1448
3 1496 1449 1448
3 1496 1497 1449
3 1497 1450 1449
3 1497 1498 1450
3 1498 1451 1450
3 1498 1499 1451
3 1499 1452 1451
3 1499 1500 1452
3 1500 1453 1452
3 1500 1501 1453
3 1501 1454 1453
3 1501 1502 1454
3 1502 1455 1454
3 1502 1503 1455
3 1503 1456 1455
3 1503 1504 1456
3 1504 1457 1456
3 1504 1505 1457
3 1505 1458 1457
3 1505 1506 1458
3 1506 1459 1458
3 1506 1507 1459
3 1507 1460 1459
3 1507 1508 1460
3 1508 1461 1460
3 1508 1509 1461
3 1509 1462 1461
3 1509 1510 1462
3 1510 1463 1462
3 1510 1511 1463
3 1511 1464 1463
3 1511 1512 1464
3 1512 1465 1464
3 1512 1513 1465
3 1513 1466 1465
3 1513 1514 1466
3 1514 1467 1466
3 1514 1515 1467
3 1515 1468 1467
3 1515 1516 1468
3 1516 1469 1468
3 1516 1517 1469
3 1517 1470 1469
3 1517 1518 1470
3 1518 1471 1470
3 1518 1519 1471
3 1519 1472 1471
3 1519 1520 1472
3 1520 1473 1472
3 1520 1521 1473
3 1521 1474 1473
3 1521 1522 1474
3 1522 1475 1474
3 1522 1523 1475
3 1523 1476 1475
3 1523 1524 1476
3 1524 1477 1476
3 1524 1525 1477
3 1525 1478 1477
3 1525 1526 1478
3 1526 1479 1478
3 1526 1527 1479
3 1527 1480 1479
3 1527 1528 1480
3 1528 1481 1480
3 1528 1529 1481
3 1529 1482 1481
3 1529 1530 1482
3 1530 1483 1482
3 1530 1531 1483
3 1531 1484 1483
3 1531 1532 1484
3 1532 1485 1484
3 1532 1533 1485
3 1533 1486 1485
3 1533 1534 1486
3 1534 1487 1486
3 1534 1535 1487
3 1535 1488 1487
3 1535 1536 1488
3 1536 1489 1488
3 1536 1537 1489
3 1537 1490 1489
3 1537 1538 1490
3 1538 1491 1490
3 1538 1539 1491
3 1539 1444 1491
3 1539 1492 1444
3 1540 1493 1492
3 1540 1541 1493
3 1541 1494 1493
3 1541 1542 1494
3 1542 1495 1494
3 1542 1543 1495
3 1543 1496 1495
3 1543 1544 1496
3 1544 1497 1496
3 1544 1545 1497
3 1545 1498 1497
3 1545 1546 1498
3 1546 1499 1498
3 1546 1547 1499
3 1547 1500 1499
3 1547 1548 1500
3 1548 1501 1500
3 1548 1549 1501
3 1549 1502 1501
3 1549 1550 1502
3 1550 1503 1502
3 1550 1551 1503
3 1551 1504 1503
3 1551 1552 1504
3 1552 1505 1504
3 1552 1553 1505
3 1553 1506 1505
3 1553 1554 1506
3 1554 1507 1506
3 1554 1555 1507
3 1555 1508 1507
3 1555 1556 1508
3 1556 1509 1508
3 1556 1557 1509
3 1557 1510 1509
3 1557 1558 1510
3 1558 1511 1510
3 1558 1559 1511
3 1559 1512 1511
3 1559 1560 1512
3 1560 1513 1512
3 1560 1561 1513
3 1561 1514 1513
3 1561 1562 1514
3 1562 1515 1514
3 1562 1563 1515
3 1563 1516 1515
3 1563 1564 1516
3 1564 1517 1516
3 1564 1565 1517
3 1565 1518 1517
3 1565 1566 1518
3 1566 1519 1518
3 1566 1567 1519
3 1567 1520 1519
3 1567 1568 1520
3 1568 1521 1520
3 1568 1569 1521
3 1569 1522 1521
3 1569 1570 1522
3 1570 1523 1522
3 1570 1571 1523
3 1571 1524 1523
3 1571 1572 1524
3 1572 1525 1524
3 1572 1573 1525
3 1573 1526 1525
3 1573 1574 1526
3 1574 1527 1526
3 1574 1575 1527
3 1575 1528 1527
3 1575 1576 1528
3 1576 1529 1528
3 1576 1577 1529
3 1577 1530 1529
3 1577 1578 1530
3 1578 1531 1530
3 1578 1579 1531
3 1579 1532 1531
3 1579 1580 1532
3 1580 1533 1532
3 1580 1581 1533
3 1581 1534 1533
3 1581 1582 1534
3 1582 1535 1534
3 1582 1583 1535
3 1583 1536 1535
3 1583 1584 1536
3 1584 1537 1536
3 1584 1585 1537
3 1585 1538 1537
3 1585 1586 1538
3 1586 1539 1538
3 1586 1587 1539
3 1587 1492 1539
3 1587 1540 1492
3 1588 1541 1540
3 1588 1589 1541
3 1589 1542 1541
3 1589 1590 1542
3 1590 1543 1542
3 1590 1591 1543
3 1591 1544 1543
3 1591 1592 1544
3 1592 1545 1544
3 1592 1593 1545
3 1593 1546 1545
3 1593 1594 1546
3 1594 1547 1546
3 1594 1595 1547
3 1595 1548 1547
3 1595 1596 1548
3 1596 1549 1548
3 1596 1597 1549
3 1597 1550 1549
3 1597 1598 1550
3 1598 1551 1550
3 1598 1599 1551
3 1599 1552 1551
3 1599 1600 1552
3 1600 1553 1552
3 1600 1601 1553
3 1601 1554 1553
3 1601 1602 1554
3 1602 1555 1554
3 1602 1603 1555
3 1603 1556 1555
3 1603 1604 1556
3 1604 1557 1556
3 1604 1605 1557
3 1605 1558 1557
3 1605 1606 1558
3 1606 1559 1558
3 1606 1607 1559
3 1607 1560 1559
3 1607 1608 1560
3 1608 1561 1560
3 1608 1609 1561
3 1609 1562 1561
3 1609 1610 1562
3 1610 1563 1562
3 1610 1611 1563
3 1611 1564 1563
3 1611 1612 1564
3 1612 1565 1564
3 1612 1613 1565
3 1613 1566 1565
3 1613 1614 1566
3 1614 1567 1566
3 1614 1615 1567
3 1615 1568 1567
3 1615 1616 1568
3 1616 1569 1568
3 1616 1617 1569
3 1617 1570 1569
3 1617 1618 1570
3 1618 1571 1570
3 1618 1619 1571
3 1619 1572 1571
3 1619 1620 1572
3 1620 1573 1572
3 1620 1621 1573
3 1621 1574 1573
3 1621 1622 1574
3 1622 1575 1574
3 1622 1623 1575
3 1623 1576 1575
3 1623 1624 1576
3 1624 1577 1576
3 1624 1625 1577
3 1625 1578 1577
3 1625 1626 1578
3 1626 1579 1578
3 1626 1627 1579
3 1627 1580 1579
3 1627 1628 1580
3 1628 1581 1580
3 1628 1629 1581
3 1629 1582 1581
3 1629 1630 1582
3 1630 1583 1582
3 1630 1631 1583
3 1631 1584 1583
3 1631 1632 1584
3 1632 1585 1584
3 1632 1633 1585
3 1633 1586 1585
3 1633 1634 1586
3 1634 1587 1586
3 1634 1635 1587
3 1635 1540 1587
3 1635 1588 1540
3 1636 1589 1588
3 1636 1637 1589
3 1637 1590 1589
3 1637 1638 1590
3 1638 1591 1590
3 1638 1639 1591
3 1639 1592 1591
3 1639 1640 1592
3 1640 1593 1592
3 1640 1641 1593
3 1641 1594 1593
3 1641 1642 1594
3 1642 1595 1594
3 1642 1643 1595
3 1643 1596 1595
3 1643 1644 1596
3 1644 1597 1596
3 1644 1645 1597
3 1645 1598 1597
3 1645 1646 1598
3 1646 1599 1598
3 1646 1647 1599
3 1647 1600 1599
3 1647 1648 1600
3 1648 1601 1600
3 1648 1649 1601
3 1649 1602 1601
3 1649 1650 1602
3 1650 1603 1602
3 1650 1651 1603
3 1651 1604 1603
3 1651 1652 1604
3 1652 1605 1604
3 1652 1653 1605
3 1653 1606 1605
3 1653 1654 1606
3 1654 1607 1606
3 1654 1655 1607
3 1655 1608 1607
3 1655 1656 1608
3 1656 1609 1608
3 1656 1657 1609
3 1657 1610 1609
3 1657 1658 1610
3 1658 1611 1610
3 1658 1659 1611
3 1659 1612 1611
3 1659 1660 1612
3 1660 1613 1612
3 1660 1661 1613
3 1661 1614 1613
3 1661 1662 1614
3 1662 1615 1614
3 1662 1663 1615
3 1663 1616 1615
3 1663 1664 1616
3 1664 1617 1616
3 1664 1665 1617
3 1665 1618 1617
3 1665 1666 1618
3 1666 1619 1618
3 1666 1667 1619
3 1667 1620 1619
3 1667 1668 1620
3 1668 1621 1620
3 1668 1669 1621
3 1669 1622 1621
3 1669 1670 1622
3 1670 1623 1622
3 1670 1671 1623
3 1671 1624 1623
3 1671 1672 1624
3 1672 1625 1624
3 1672 1673 1625
3 1673 1626 1625
3 1673 1674 1626
3 1674 1627 1626
3 1674 1675 1627
3 1675 1628 1627
3 1675 1676 1628
3 1676 1629 1628
3 1676 1677 1629
3 1677 1630 1629
3 1677 1678 1630
3 1678 1631 1630
3 1678 1679 1631
3 1679 1632 1631
3 1679 1680 1632
3 1680 1633 1632
3 1680 1681 1633
3 1681 1634 1633
3 1681 1682 1634
3 1682 1635 1634
3 1682 1683 1635
3 1683 1588 1635
3 1683 1636 1588
3 1684 1637 1636
3 1684 1685 1637
3 1685 1638 1637
3 1685 1686 1638
3 1686 1639 1638
3 1686 1687 1639
3 1687 1640 1639
3 1687 1688 1640
3 1688 1641 1640
3 1688 1689 1641
3 1689 1642 1641
3 1689 1690 1642
3 1690 1643 1642
3 1690 1691 1643
3 1691 1644 1643
3 1691 1692 1644
3 1692 1645 1644
3 1692 1693 1645
3 1693 1646 1645
3 1693 1694 1646
3 1694 1647 1646
3 1694 1695 1647
3 1695 1648 1647
3 1695 1696 1648
3 1696 1649 1648
3 1696 1697 1649
3 1697 1650 1649
3 1697 1698 1650
3 1698 1651 1650
3 1698 1699 1651
3 1699 1652 1651
3 1699 1700 1652
3 1700 1653 1652
3 1700 1701 1653
3 1701 1654 1653
3 1701 1702 1654
3 1702 1655 1654
3 1702 1703 1655
3 1703 1656 1655
3 1703 1704 1656
3 1704 1657 1656
3 1704 1705 1657
3 1705 1658 1657
3 1705 1706 1658
3 1706 1659 1658
3 1706 1707 1659
3 1707 1660 1659
3 1707 1708 1660
3 1708 1661 1660
3 1708 1709 1661
3 1709 1662 1661
3 1709 1710 1662
3 1710 1663 1662
3 1710 1711 1663
3 1711 1664 1663
3 1711 1712 1664
3 1712 1665 1664
3 1712 1713 1665
3 1713 1666 1665
3 1713 1714 1666
3 1714 1667 1666
3 1714 1715 1667
3 1715 1668 1667
3 1715 1716 1668
3 1716 1669 1668
3 1716 1717 1669
3 1717 1670 1669
3 1717 1718 1670
3 1718 1671 1670
3 1718 1719 1671
3 1719 1672 1671
3 1719 1720 1672
3 1720 1673 1672
3 1720 1721 1673
3 1721 1674 1673
3 1721 1722 1674
3 1722 1675 1674
3 1722 1723 1675
3 1723 1676 1675
3 1723 1724 1676
3 1724 1677 1676
3 1724 1725 1677
3 1725 1678 1677
3 1725 1726 1678
3 1726 1679 1678
3 1726 1727 1679
3 1727 1680 1679
3 1727 1728 1680
3 1728 1681 1680
3 1728 1729 1681
3 1729 1682 1681
3 1729 1730 1682
3 1730 1683 1682
3 1730 1731 1683
3 1731 1636 1683
3 1731 1684 1636
3 1732 1685 1684
3 1732 1733 1685
3 1733 1686 1685
3 1733 1734 1686
3 1734 1687 1686
3 1734 1735 1687
3 1735 1688 1687
3 1735 1736 1688
3 1736 1689 1688
3 1736 1737 1689
3 1737 1690 1689
3 1737 1738 1690
3 1738 1691 1690
3 1738 1739 1691
3 1739 1692 1691
3 1739 1740 1692
3 1740 1693 1692
3 1740 1741 1693
3 1741 1694 1693
3 1741 1742 1694
3 1742 1695 1694
3 1742 1743 1695
3 1743 1696 1695
3 1743 1744 1696
3 1744 1697 1696
3 1744 1745 1697
3 1745 1698 1697
3 1745 1746 1698
3 1746 1699 1698
3 1746 1747 1699
3 1747 1700 1699
3 1747 1748 1700
3 1748 1701 1700
3 1748 1749 1701
3 1749 1702 1701
3 1749 1750 1702
3 1750 1703 1702
3 1750 1751 1703
3 1751 1704 1703
3 1751 1752 1704
3 1752 1705 1704
3 1752 1753 1705
3 1753 1706 1705
3 1753 1754 1706
3 1754 1707 1706
3 1754 1755 1707
3 1755 1708 1707
3 1755 1756 1708
3 1756 1709 1708
3 1756 1757 1709
3 1757 1710 1709
3 1757 1758 1710
3 1758 1711 1710
3 1758 1759 1711
3 1759 1712 1711
3 1759 1760 1712
3 1760 1713 1712
3 1760 1761 1713
3 1761 1714 1713
3 1761 1762 1714
3 1762 1715 1714
3 1762 1763 1715
3 1763 1716 1715
3 1763 1764 1716
3 1764 1717 1716
3 1764 1765 1717
3 1765 1718 1717
3 1765 1766 1718
3 1766 1719 1718
3 1766 1767 1719
3 1767 1720 1719
3 1767 1768 1720
3 1768 1721 1720
3 1768 1769 1721
3 1769 1722 1721
3 1769 1770 1722
3 1770 1723 1722
3 1770 1771 1723
3 1771 1724 1723
3 1771 1772 1724
3 1772 1725 1724
3 1772 1773 1725
3 1773 1726 1725
3 1773 1774 1726
3 1774 1727 1726
3 1774 1775 1727
3 1775 1728 1727
3 1775 1776 1728
3 1776 1729 1728
3 1776 1777 1729
3 1777 1730 1729
3 1777 1778 1730
3 1778 1731 1730
3 1778 1779 1731
3 1779 1684 1731
3 1779 1732 1684
3 1780 1733 1732
3 1780 1781 1733
3 1781 1734 1733
3 1781 1782 1734
3 1782 1735 1734
3 1782 1783 1735
3 1783 1736 1735
3 1783 1784 1736
3 1784 1737 1736
3 1784 1785 1737
3 1785 1738 1737
3 1785 1786 1738
3 1786 1739 1738
3 1786 1787 1739
3 1787 1740 1739
3 1787 1788 1740
3 1788 1741 1740
3 1788 1789 1741
3 1789 1742 1741
3 1789 1790 1742
3 1790 1743 1742
3 1790 1791 1743
3 1791 1744 1743
3 1791 1792 1744
3 1792 1745 1744
3 1792 1793 1745
3 1793 1746 1745
3 1793 1794 1746
3 1794 1747 1746
3 1794 1795 1747
3 1795 1748 1747
3 1795 1796 1748
3 1796 1749 1748
3 1796 1797 1749
3 1797 1750 1749
3 1797 1798 1750
3 1798 1751 1750
3 1798 1799 1751
3 1799 1752 1751
3 1799 1800 1752
3 1800 1753 1752
3 1800 1801 1753
3 1801 1754 1753
3 1801 1802 1754
3 1802 1755 1754
3 1802 1803 1755
3 1803 1756 1755
3 1803 1804 1756
3 1804 1757 1756
3 1804 1805 1757
3 1805 1758 1757
3 1805 1806 1758
3 1806 1759 1758
3 1806 1807 1759
3 1807 1760 1759
3 1807 1808 1760
3 1808 1761 1760
3 1808 1809 1761
3 1809 1762 1761
3 1809 1810 1762
3 1810 1763 1762
3 1810 1811 1763
3 1811 1764 1763
3 1811 1812 1764
3 1812 1765 1764
3 1812 1813 1765
3 1813 1766 1765
3 1813 1814 1766
3 1814 1767 1766
3 1814 1815 1767
3 1815 1768 1767
3 1815 1816 1768
3 1816 1769 1768
3 1816 1817 1769
3 1817 1770 1769
3 1817 1818 1770
3 1818 1771 1770
3 1818 1819 1771
3 1819 1772 1771
3 1819 1820 1772
3 1820 1773 1772
3 1820 1821 1773
3 1821 1774 1773
3 1821 1822 1774
3 1822 1775 1774
3 1822 1823 1775
3 1823 1776 1775
3 1823 1824 1776
3 1824 1777 1776
3 1824 1825 1777
3 1825 1778 1777
3 1825 1826 1778
3 1826 1779 1778
3 1826 1827 1779
3 1827 1732 1779
3 1827 1780 1732
3 1828 1781 1780
3 1828 1829 1781
3 1829 1782 1781
3 1829 1830 1782
3 1830 1783 1782
3 1830 1831 1783
3 1831 1784 1783
3 1831 1832 1784
3 1832 1785 1784
3 1832 1833 1785
3 1833 1786 1785
3 1833 1834 1786
3 1834 1787 1786
3 1834 1835 1787
3 1835 1788 1787
3 1835 1836 1788
3 1836 1789 1788
3 1836 1837 1789
3 1837 1790 1789
3 1837 1838 1790
3 1838 1791 1790
3 1838 1839 1791
3 1839 1792 1791
3 1839 1840 1792
3 1840 1793 1792
3 1840 1841 1793
3 1841 1794 1793
3 1841 1842 1794
3 1842 1795 1794
3 1842 1843 1795
3 1843 1796 1795
3 1843 1844 1796
3 1844 1797 1796
3 1844 1845 1797
3 1845 1798 1797
3 1845 1846 1798
3 1846 1799 1798
3 1846 1847 1799
3 1847 1800 1799
3 1847 1848 1800
3 1848 1801 1800
3 1848 1849 1801
3 1849 1802 1801
3 1849 1850 1802
3 1850 1803 1802
3 1850 1851 1803
3 1851 1804 1803
3 1851 1852 1804
3 1852 1805 1804
3 1852 1853 1805
3 1853 1806 1805
3 1853 1854 1806
3 1854 1807 1806
3 1854 1855 1807
3 1855 1808 1807
3 1855 1856 1808
3 1856 1809 1808
3 1856 1857 1809
3 1857 1810 1809
3 1857 1858 1810
3 1858 1811 1810
3 1858 1859 1811
3 1859 1812 1811
3 1859 1860 1812
3 1860 1813 1812
3 1860 1861 1813
3 1861 1814 1813
3 1861 1862 1814
3 1862 1815 1814
3 1862 1863 1815
3 1863 1816 1815
3 1863 1864 1816
3 1864 1817 1816
3 1864 1865 1817
3 1865 1818 1817
3 1865 1866 1818
3 1866 1819 1818
3 1866 1867 1819
3 1867 1820 1819
3 1867 1868 1820
3 1868 1821 1820
3 1868 1869 1821
3 1869 1822 1821
3 1869 1870 1822
3 1870 1823 1822
3 1870 1871 1823
3 1871 1824 1823
3 1871 1872 1824
3 1872 1825 1824
3 1872 1873 1825
3 1873 1826 1825
3 1873 1874 1826
3 1874 1827 1826
3 1874 1875 1827
3 1875 1780 1827
3 1875 1828 1780
3 1876 1829 1828
3 1876 1877 1829
3 1877 1830 1829
3 1877 1878 1830
3 1878 1831 1830
3 1878 1879 1831
3 1879 1832 1831
3 1879 1880 1832
3 1880 1833 1832
3 1880 1881 1833
3 1881 1834 1833
3 1881 1882 1834
3 1882 1835 1834
3 1882 1883 1835
3 1883 1836 1835
3 1883 1884 1836
3 1884 1837 1836
3 1884 1885 1837
3 1885 1838 1837
3 1885 1886 1838
3 1886 1839 1838
3 1886 1887 1839
3 1887 1840 1839
3 1887 1888 1840
3 1888 1841 1840
3 1888 1889 1841
3 1889 1842 1841
3 1889 1890 1842
3 1890 1843 1842
3 1890 1891 1843
3 1891 1844 1843
3 1891 1892 1844
3 1892 1845 1844
3 1892 1893 1845
3 1893 1846 1845
3 1893 1894 1846
3 1894 1847 1846
3 1894 1895 1847
3 1895 1848 1847
3 1895 1896 1848
3 1896 1849 1848
3 1896 1897 1849
3 1897 1850 1849
3 1897 1898 1850
3 1898 1851 1850
3 1898 1899 1851
3 1899 1852 1851
3 1899 1900 1852
3 1900 1853 1852
3 1900 1901 1853
3 1901 1854 1853
3 1901 1902 1854
3 1902 1855 1854
3 1902 1903 1855
3 1903 1856 1855
3 1903 1904 1856
3 1904 1857 1856
3 1904 1905 1857
3 1905 1858 1857
3 1905 1906 1858
3 1906 1859 1858
3 1906 1907 1859
3 1907 1860 1859
3 1907 1908 1860
3 1908 1861 1860
3 1908 1909 1861
3 1909 1862 1861
3 1909 1910 1862
3 1910 1863 1862
3 1910 1911 1863
3 1911 1864 1863
3 1911 1912 1864
3 1912 1865 1864
3 1912 1913 1865
3 1913 1866 1865
3 1913 1914 1866
3 1914 1867 1866
3 1914 1915 1867
3 1915 1868 1867
3 1915 1916 1868
3 1916 1869 1868
3 1916 1917 1869
3 1917 1870 1869
3 1917 1918 1870
3 1918 1871 1870
3 1918 1919 1871
3 1919 1872 1871
3 1919 1920 1872
3 1920 1873 1872
3 1920 1921 1873
3 1921 1874 1873
3 1921 1922 1874
3 1922 1875 1874
3 1922 1923 1875
3 1923 1828 1875
3 1923 1876 1828
3 1924 1877 1876
3 1924 1925 1877
3 1925 1878 1877
3 1925 1926 1878
3 1926 1879 1878
3 1926 1927 1879
3 1927 1880 1879
3 1927 1928 1880
3 1928 1881 1880
3 1928 1929 1881
3 1929 1882 1881
3 1929 1930 1882
3 1930 1883 1882
3 1930 1931 1883
3 1931 1884 1883
3 1931 1932 1884
3 1932 1885 1884
3 1932 1933 1885
3 1933 1886 1885
3 1933 1934 1886
3 1934 1887 1886
3 1934 1935 1887
3 1935 1888 1887
3 1935 1936 1888
3 1936 1889 1888
3 1936 1937 1889
3 1937 1890 1889
3 1937 1938 1890
3 1938 1891 1890
3 1938 1939 1891
3 1939 1892 1891
3 1939 1940 1892
3 1940 1893 1892
3 1940 1941 1893
3 1941 1894 1893
3 1941 1942 1894
3 1942 1895 1894
3 1942 1943 1895
3 1943 1896 1895
3 1943 1944 1896
3 1944 1897 1896
3 1944 1945 1897
3 1945 1898 1897
3 1945 1946 1898
3 1946 1899 1898
3 1946 1947 1899
3 1947 1900 1899
3 1947 1948 1900
3 1948 1901 1900
3 1948 1949 1901
3 1949 1902 1901
3 1949 1950 1902
3 1950 1903 1902
3 1950 1951 1903
3 1951 1904 1903
3 1951 1952 1904
3 1952 1905 1904
3 1952 1953 1905
3 1953 1906 1905
3 1953 1954 1906
3 1954 1907 1906
3 1954 1955 1907
3 1955 1908 1907
3 1955 1956 1908
3 1956 1909 1908
3 1956 1957 1909
3 1957 1910 1909
3 1957 1958 1910
3 1958 1911 1910
3 1958 1959 1911
3 1959 1912 1911
3 1959 1960 1912
3 1960 1913 1912
3 1960 1961 1913
3 1961 1914 1913
3 1961 1962 1914
3 1962 1915 1914
3 1962 1963 1915
3 1963 1916 1915
3 1963 1964 1916
3 1964 1917 1916
3 1964 1965 1917
3 1965 1918 1917
3 1965 1966 1918
3 1966 1919 1918
3 1966 1967 1919
3 1967 1920 1919
3 1967 1968 1920
3 1968 1921 1920
3 1968 1969 1921
3 1969 1922 1921
3 1969 1970 1922
3 1970 1923 1922
3 1970 1971 1923
3 1971 1876 1923
3 1971 1924 1876
3 1972 1925 1924
3 1972 1973 1925
3 1973 1926 1925
3 1973 1974 1926
3 1974 1927 1926
3 1974 1975 1927
3 1975 1928 1927
3 1975 1976 1928
3 1976 1929 1928
3 1976 1977 1929
3 1977 1930 1929
3 1977 1978 1930
3 1978 1931 1930
3 1978 1979 1931
3 1979 1932 1931
3 1979 1980 1932
3 1980 1933 1932
3 1980 1981 1933
3 1981 1934 1933
3 1981 1982 1934
3 1982 1935 1934
3 1982 1983 1935
3 1983 1936 1935
3 1983 1984 1936
3 1984 1937 1936
3 1984 1985 1937
3 1985 1938 1937
3 1985 1986 1938
3 1986 1939 1938
3 1986 1987 1939
3 1987 1940 1939
3 1987 1988 1940
3 1988 1941 1940
3 1988 1989 1941
3 1989 1942 1941
3 1989 1990 1942
3 1990 1943 1942
3 1990 1991 1943
3 1991 1944 1943
3 1991 1992 1944
3 1992 1945 1944
3 1992 1993 1945
3 1993 1946 1945
3 1993 1994 1946
3 1994 1947 1946
3 1994 1995 1947
3 1995 1948 1947
3 1995 1996 1948
3 1996 1949 1948
3 1996 1997 1949
3 1997 1950 1949
3 1997 1998 1950
3 1998 1951 1950
3 1998 1999 1951
3 1999 1952 1951
3 1999 2000 1952
3 2000 1953 1952
3 2000 2001 1953
3 2001 1954 1953
3 2001 2002 1954
3 2002 1955 1954
3 2002 2003 1955
3 2003 1956 1955
3 2003 2004 1956
3 2004 1957 1956
3 2004 2005 1957
3 2005 1958 1957
3 2005 2006 1958
3 2006 1959 1958
3 2006 2007 1959
3 2007 1960 1959
3 2007 2008 1960
3 2008 1961 1960
3 2008 2009 1961
3 2009 1962 1961
3 2009 2010 1962
3 2010 1963 1962
3 2010 2011 1963
3 2011 1964 1963
3 2011 2012 1964
3 2012 1965 1964
3 2012 2013 1965
3 2013 1966 1965
3 2013 2014 1966
3 2014 1967 1966
3 2014 2015 1967
3 2015 1968 1967
3 2015 2016 1968
3 2016 1969 1968
3 2016 2017 1969
3 2017 1970 1969
3 2017 2018 1970
3 2018 1971 1970
3 2018 2019 1971
3 2019 1924 1971
3 2019 1972 1924
3 2020 1973 1972
3 2020 2021 1973
3 2021 1974 1973
3 2021 2022 1974
3 2022 1975 1974
3 2022 2023 1975
3 2023 1976 1975
3 2023 2024 1976
3 2024 1977 1976
3 2024 2025 1977
3 2025 1978 1977
3 2025 2026 1978
3 2026 1979 1978
3 2026 2027 1979
3 2027 1980 1979
3 2027 2028 1980
3 2028 1981 1980
3 2028 2029 1981
3 2029 1982 1981
3 2029 2030 1982
3 2030 1983 1982
3 2030 2031 1983
3 2031 1984 1983
3 2031 2032 1984
3 2032 1985 1984
3 2032 2033 1985
3 2033 1986 1985
3 2033 2034 1986
3 2034 1987 1986
3 2034 2035 1987
3 2035 1988 1987
3 2035 2036 1988
3 2036 1989 1988
3 2036 2037 1989
3 2037 1990 1989
3 2037 2038 1990
3 2038 1991 1990
3 2038 2039 1991
3 2039 1992 1991
3 2039 2040 1992
3 2040 1993 1992
3 2040 2041 1993
3 2041 1994 1993
3 2041 2042 1994
3 2042 1995 1994
3 2042 2043 1995
3 2043 1996 1995
3 2043 2044 1996
3 2044 1997 1996
3 2044 2045 1997
3 2045 1998 1997
3 2045 2046 1998
3 2046 1999 1998
3 2046 2047 1999
3 2047 2000 1999
3 2047 2048 2000
3 2048 2001 2000
3 2048 2049 2001
3 2049 2002 2001
3 2049 2050 2002
3 2050 2003 2002
3 2050 2051 2003
3 2051 2004 2003
3 2051 2052 2004
3 2052 2005 2004
3 2052 2053 2005
3 2053 2006 2005
3 2053 2054 2006
3 2054 2007 2006
3 2054 2055 2007
3 2055 2008 2007
3 2055 2056 2008
3 2056 2009 2008
3 2056 2057 2009
3 2057 2010 2009
3 2057 2058 2010
3 2058 2011 2010
3 2058 2059 2011
3 2059 2012 2011
3 2059 2060 2012
3 2060 2013 2012
3 2060 2061 2013
3 2061 2014 2013
3 2061 2062 2014
3 2062 2015 2014
3 2062 2063 2015
3 2063 2016 2015
3 2063 2064 2016
3 2064 2017 2016
3 2064 2065 2017
3 2065 2018 2017
3 2065 2066 2018
3 2066 2019 2018
3 2066 2067 2019
3 2067 1972 2019
3 2067 2020 1972
3 2068 2021 2020
3 2068 2069 2021
3 2069 2022 2021
3 2069 2070 2022
3 2070 2023 2022
3 2070 2071 2023
3 2071 2024 2023
3 2071 2072 2024
3 2072 2025 2024
3 2072 2073 2025
3 2073 2026 2025
3 2073 2074 2026
3 2074 2027 2026
3 2074 2075 2027
3 2075 2028 2027
3 2075 2076 2028
3 2076 2029 2028
3 2076 2077 2029
3 2077 2030 2029
3 2077 2078 2030
3 2078 2031 2030
3 2078 2079 2031
3 2079 2032 2031
3 2079 2080 2032
3 2080 2033 2032
3 2080 2081 2033
3 2081 2034 2033
3 2081 2082 2034
3 2082 2035 2034
3 2082 2083 2035
3 2083 2036 2035
3 2083 2084 2036
3 2084 2037 2036
3 2084 2085 2037
3 2085 2038 2037
3 2085 2086 2038
3 2086 2039 2038
3 2086 2087 2039
3 2087 2040 2039
3 2087 2088 2040
3 2088 2041 2040
3 2088 2089 2041
3 2089 2042 2041
3 2089 2090 2042
3 2090 2043 2042
3 2090 2091 2043
3 2091 2044 2043
3 2091 2092 2044
3 2092 2045 2044
3 2092 2093 2045
3 2093 2046 2045
3 2093 2094 2046
3 2094 2047 2046
3 2094 2095 2047
3 2095 2048 2047
3 2095 2096 2048
3 2096 2049 2048
3 2096 2097 2049
3 2097 2050 2049
3 2097 2098 2050
3 2098 2051 2050
3 2098 2099 2051
3 2099 2052 2051
3 2099 2100 2052
3 2100 2053 2052
3 2100 2101 2053
3 2101 2054 2053
3 2101 2102 2054
3 2102 2055 2054
3 2102 2103 2055
3 2103 2056 2055
3 2103 2104 2056
3 2104 2057 2056
3 2104 2105 2057
3 2105 2058 2057
3 2105 2106 2058
3 2106 2059 2058
3 2106 2107 2059
3 2107 2060 2059
3 2107 2108 2060
3 2108 2061 2060
3 2108 2109 2061
3 2109 2062 2061
3 2109 2110 2062
3 2110 2063 2062
3 2110 2111 2063
3 2111 2064 2063
3 2111 2112 2064
3 2112 2065 2064
3 2112 2113 2065
3 2113 2066 2065
3 2113 2114 2066
3 2114 2067 2066
3 2114 2115 2067
3 2115 2020 2067
3 2115 2068 2020
3 2116 2069 2068
3 2116 2117 2069
3 2117 2070 2069
3 2117 2118 2070
3 2118 2071 2070
3 2118 2119 2071
3 2119 2072 2071
3 2119 2120 2072
3 2120 2073 2072
3 2120 2121 2073
3 2121 2074 2073
3 2121 2122 2074
3 2122 2075 2074
3 2122 2123 2075
3 2123 2076 2075
3 2123 2124 2076
3 2124 2077 2076
3 2124 2125 2077
3 2125 2078 2077
3 2125 2126 2078
3 2126 2079 2078
3 2126 2127 2079
3 2127 2080 2079
3 2127 2128 2080
3 2128 2081 2080
3 2128 2129 2081
3 2129 2082 2081
3 2129 2130 2082
3 2130 2083 2082
3 2130 2131 2083
3 2131 2084 2083
3 2131 2132 2084
3 2132 2085 2084
3 2132 2133 2085
3 2133 2086 2085
3 2133 2134 2086
3 2134 2087 2086
3 2134 2135 2087
3 2135 2088 2087
3 2135 2136 2088
3 2136 2089 2088
3 2136 2137 2089
3 2137 2090 2089
3 2137 2138 2090
3 2138 2091 2090
3 2138 2139 2091
3 2139 2092 2091
3 2139 2140 2092
3 2140 2093 2092
3 2140 2141 2093
3 2141 2094 2093
3 2141 2142 2094
3 2142 2095 2094
3 2142 2143 2095
3 2143 2096 2095
3 2143 2144 2096
3 2144 2097 2096
3 2144 2145 2097
3 2145 2098 2097
3 2145 2146 2098
3 2146 2099 2098
3 2146 2147 2099
3 2147 2100 2099
3 2147 2148 2100
3 2148 2101 2100
3 2148 2149 2101
3 2149 2102 2101
3 2149 2150 2102
3 2150 2103 2102
3 2150 2151 2103
3 2151 2104 2103
3 2151 2152 2104
3 2152 2105 2104
3 2152 2153 2105
3 2153 2106 2105
3 2153 2154 2106
3 2154 2107 2106
3 2154 2155 2107
3 2155 2108 2107
3 2155 2156 2108
3 2156 2109 2108
3 2156 2157 2109
3 2157 2110 2109
3 2157 2158 2110
3 2158 2111 2110
3 2158 2159 2111
3 2159 2112 2111
3 2159 2160 2112
3 2160 2113 2112
3 2160 2161 2113
3 2161 2114 2113
3 2161 2162 2114
3 2162 2115 2114
3 2162 2163 2115
3 2163 2068 2115
3 2163 2116 2068
3 2164 2117 2116
3 2164 2165 2117
3 2165 2118 2117
3 2165 2166 2118
3 2166 2119 2118
3 2166 2167 2119
3 2167 2120 2119
3 2167 2168 2120
3 2168 2121 2120
3 2168 2169 2121
3 2169 2122 2121
3 2169 2170 2122
3 2170 2123 2122
3 2170 2171 2123
3 2171 2124 2123
3 2171 2172 2124
3 2172 2125 2124
3 2172 2173 2125
3 2173 2126 2125
3 2173 2174 2126
3 2174 2127 2126
3 2174 2175 2127
3 2175 2128 2127
3 2175 2176 2128
3 2176 2129 2128
3 2176 2177 2129
3 2177 2130 2129
3 2177 2178 2130
3 2178 2131 2130
3 2178 2179 2131
3 2179 2132 2131
3 2179 2180 2132
3 2180 2133 2132
3 2180 2181 2133
3 2181 2134 2133
3 2181 2182 2134
3 2182 2135 2134
3 2182 2183 2135
3 2183 2136 2135
3 2183 2184 2136
3 2184 2137 2136
3 2184 2185 2137
3 2185 2138 2137
3 2185 2186 2138
3 2186 2139 2138
3 2186 2187 2139
3 2187 2140 2139
3 2187 2188 2140
3 2188 2141 2140
3 2188 2189 2141
3 2189 2142 2141
3 2189 2190 2142
3 2190 2143 2142
3 2190 2191 2143
3 2191 2144 2143
3 2191 2192 2144
3 2192 2145 2144
3 2192 2193 2145
3 2193 2146 2145
3 2193 2194 2146
3 2194 2147 2146
3 2194 2195 2147
3 2195 2148 2147
3 2195 2196 2148
3 2196 2149 2148
3 2196 2197 2149
3 2197 2150 2149
3 2197 2198 2150
3 2198 2151 2150
3 2198 2199 2151
3 2199 2152 2151
3 2199 2200 2152
3 2200 2153 2152
3 2200 2201 2153
3 2201 2154 2153
3 2201 2202 2154
3 2202 2155 2154
3 2202 2203 2155
3 2203 2156 2155
3 2203 2204 2156
3 2204 2157 2156
3 2204 2205 2157
3 2205 2158 2157
3 2205 2206 2158
3 2206 2159 2158
3 2206 2207 2159
3 2207 2160 2159
3 2207 2208 2160
3 2208 2161 2160
3 2208 2209 2161
3 2209 2162 2161
3 2209 2210 2162
3 2210 2163 2162
3 2210 2211 2163
3 2211 2116 2163
3 2211 2164 2116
3 2212 2214 2215
3 2213 2311 2310
3 2212 2215 2216
3 2213 2312 2311
3 2212 2216 2217
3 2213 2313 2312
3 2212 2217 2218
3 2213 2314 2313
3 2212 2218 2219
3 2213 2315 2314
3 2212 2219 2220
3 2213 2316 2315
3 2212 2220 2221
3 2213 2317 2316
3 2212 2221 2222
3 2213 2318 2317
3 2212 2222 2223
3 2213 2319 2318
3 2212 2223 2224
3 2213 2320 2319
3 2212 2224 2225
3 2213 2321 2320
3 2212 2225 2226
3 2213 2322 2321
3 2212 2226 2227
3 2213 2323 2322
3 2212 2227 2228
3 2213 2324 2323
3 2212 2228 2229
3 2213 2325 2324
3 2212 2229 2230
3 2213 2326 2325
3 2212 2230 2231
3 2213 2327 2326
3 2212 2231 2232
3 2213 2328 2327
3 2212 2232 2233
3 2213 2329 2328
3 2212 2233 2234
3 2213 2330 2329
3 2212 2234 2235
3 2213 2331 2330
3 2212 2235 2236
3 2213 2332 2331
3 2212 2236 2237
3 2213 2333 2332
3 2212 2237 2214
3 2213 2310 2333
3 2238 2215 2214
3 2238 2239 2215
3 2239 2216 2215
3 2239 2240 2216
3 2240 2217 2216
3 2240 2241 2217
3 2241 2218 2217
3 2241 2242 2218
3 2242 2219 2218
3 2242 2243 2219
3 2243 2220 2219
3 2243 2244 2220
3 2244 2221 2220
3 2244 2245 2221
3 2245 2222 2221
3 2245 2246 2222
3 2246 2223 2222
3 2246 2247 2223
3 2247 2224 2223
3 2247 2248 2224
3 2248 2225 2224
3 2248 2249 2225
3 2249 2226 2225
3 2249 2250 2226
3 2250 2227 2226
3 2250 2251 2227
3 2251 2228 2227
3 2251 2252 2228
3 2252 2229 2228
3 2252 2253 2229
3 2253 2230 2229
3 2253 2254 2230
3 2254 2231 2230
3 2254 2255 2231
3 2255 2232 2231
3 2255 2256 2232
3 2256 2233 2232
3 2256 2257 2233
3 2257 2234 2233
3 2257 2258 2234
3 2258 2235 2234
3 2258 2259 2235
3 2259 2236 2235
3 2259 2260 2236
3 2260 2237 2236
3 2260 2261 2237
3 2261 2214 2237
3 2261 2238 2214
3 2262 2239 2238
3 2262 2263 2239
3 2263 2240 2239
3 2263 2264 2240
3 2264 2241 2240
3 2264 2265 2241
3 2265 2242 2241
3 2265 2266 2242
3 2266 2243 2242
3 2266 2267 2243
3 2267 2244 2243
3 2267 2268 2244
3 2268 2245 2244
3 2268 2269 2245
3 2269 2246 2245
3 2269 2270 2246
3 2270 2247 2246
3 2270 2271 2247
3 2271 2248 2247
3 2271 2272 2248
3 2272 2249 2248
3 2272 2273 2249
3 2273 2250 2249
3 2273 2274 2250
3 2274 2251 2250
3 2274 2275 2251
3 2275 2252 2251
3 2275 2276 2252
3 2276 2253 2252
3 2276 2277 2253
3 2277 2254 2253
3 2277 2278 2254
3 2278 2255 2254
3 2278 2279 2255
3 2279 2256 2255
3 2279 2280 2256
3 2280 2257 2256
3 2280 2281 2257
3 2281 2258 2257
3 2281 2282 2258
3 2282 2259 2258
3 2282 2283 2259
3 2283 2260 2259
3 2283 2284 2260
3 2284 2261 2260
3 2284 2285 2261
3 2285 2238 2261
3 2285 2262 2238
3 2286 2263 2262
3 2286 2287 2263
3 2287 2264 2263
3 2287 2288 2264
3 2288 2265 2264
3 2288 2289 2265
3 2289 2266 2265
3 2289 2290 2266
3 2290 2267 2266
3 2290 2291 2267
3 2291 2268 2267
3 2291 2292 2268
3 2292 2269 2268
3 2292 2293 2269
3 2293 2270 2269
3 2293 2294 2270
3 2294 2271 2270
3 2294 2295 2271
3 2295 2272 2271
3 2295 2296 2272
3 2296 2273 2272
3 2296 2297 2273
3 2297 2274 2273
3 2297 2298 2274
3 2298 2275 2274
3 2298 2299 2275
3 2299 2276 2275
3 2299 2300 2276
3 2300 2277 2276
3 2300 2301 2277
3 2301 2278 2277
3 2301 2302 2278
3 2302 2279 2278
3 2302 2303 2279
3 2303 2280 2279
3 2303 2304 2280
3 2304 2281 2280
3 2304 2305 2281
3 2305 2282 2281
3 2305 2306 2282
3 2306 2283 2282
3 2306 2307 2283
3 2307 2284 2283
3 2307 2308 2284
3 2308 2285 2284
3 2308 2309 2285
3 2309 2262 2285
3 2309 2286 2262
3 2310 2287 2286
3 2310 2311 2287
3 2311 2288 2287
3 2311 2312 2288
3 2312 2289 2288
3 2312 2313 2289
3 2313 2290 2289
3 2313 2314 2290
3 2314 2291 2290
3 2314 2315 2291
3 2315 2292 2291
3 2315 2316 2292
3 2316 2293 2292
3 2316 2317 2293
3 2317 2294 2293
3 2317 2318 2294
3 2318 2295 2294
3 2318 2319 2295
3 2319 2296 2295
3 2319 2320 2296
3 2320 2297 2296
3 2320 2321 2297
3 2321 2298 2297
3 2321 2322 2298
3 2322 2299 2298
3 2322 2323 2299
3 2323 2300 2299
3 2323 2324 2300
3 2324 2301 2300
3 2324 2325 2301
3 2325 2302 2301
3 2325 2326 2302
3 2326 2303 2302
3 2326 2327 2303
3 2327 2304 2303
3 2327 2328 2304
3 2328 2305 2304
3 2328 2329 2305
3 2329 2306 2305
3 2329 2330 2306
3 2330 2307 2306
3 2330 2331 2307
3 2331 2308 2307
3 2331 2332 2308
3 2332 2309 2308
3 2332 2333 2309
3 2333 2286 2309
3 2333 2310 2286
